"Txhash","UnixTimestamp","DateTime","From","To","Value","ContractAddress","TokenName","TokenSymbol"
"0x157ea5925f3be08633a83c015745894c888969c56e723ff76bc5be849bd2d0ff","1619228363","2021-04-24 01:39:23","0x2f9b1a144db2ca36771e56b2e66043d3b2da4913","0xad7b5e295a476c43f1fc3b7bb945030e9e9ffdc6","672","0x55d398326f99059ff775485246999027b3197955","Binance-Peg BUSD-T","BUSD-T"
"0x157ea5925f3be08633a83c015745894c888969c56e723ff76bc5be849bd2d0ff","1619228363","2021-04-24 01:39:23","0x2f9b1a144db2ca36771e56b2e66043d3b2da4913","0xad7b5e295a476c43f1fc3b7bb945030e9e9ffdc6","1,328","0x530e9346870e632a63e8d461bb3c3622e00782de","Wrapped Zero","wZER"
"0x48850a29001ccddbb67a3f8c34e7e515201f79fc4dd3255165047e6484e1ca7e","1619237629","2021-04-24 04:13:49","0x625ba0e00de540d8a65d4c7f93996ea8040e0f3e","0xad7b5e295a476c43f1fc3b7bb945030e9e9ffdc6","10,869.047619047619047619","0x530e9346870e632a63e8d461bb3c3622e00782de","Wrapped Zero","wZER"
"0x48850a29001ccddbb67a3f8c34e7e515201f79fc4dd3255165047e6484e1ca7e","1619237629","2021-04-24 04:13:49","0x625ba0e00de540d8a65d4c7f93996ea8040e0f3e","0xad7b5e295a476c43f1fc3b7bb945030e9e9ffdc6","5,499.999999999999999999","0x55d398326f99059ff775485246999027b3197955","Binance-Peg BUSD-T","BUSD-T"
"0xfde0c0fa47cb2ef908be8fa7eabfa55c0687710b992d3b8cdccd6f04b780da4f","1619238472","2021-04-24 04:27:52","0x16b9a82891338f9ba80e2d6970fdda79d1eb0dae","0xad7b5e295a476c43f1fc3b7bb945030e9e9ffdc6","2.82113863665987115","0x55d398326f99059ff775485246999027b3197955","Binance-Peg BUSD-T","BUSD-T"
"0xfde0c0fa47cb2ef908be8fa7eabfa55c0687710b992d3b8cdccd6f04b780da4f","1619238472","2021-04-24 04:27:52","0xad7b5e295a476c43f1fc3b7bb945030e9e9ffdc6","0xdfbbd83df6b1b04d1c5dca99fac17f96c46ff77d","5.558635111708895715","0x530e9346870e632a63e8d461bb3c3622e00782de","Wrapped Zero","wZER"
"0x2be1194a2b9ea54392e3aafe5e94307db0f691a99e688ddb72e6fab58ae30db8","1619239975","2021-04-24 04:52:55","0x625ba0e00de540d8a65d4c7f93996ea8040e0f3e","0xad7b5e295a476c43f1fc3b7bb945030e9e9ffdc6","103.244841222494200542","0x55d398326f99059ff775485246999027b3197955","Binance-Peg BUSD-T","BUSD-T"
"0x2be1194a2b9ea54392e3aafe5e94307db0f691a99e688ddb72e6fab58ae30db8","1619239975","2021-04-24 04:52:55","0xad7b5e295a476c43f1fc3b7bb945030e9e9ffdc6","0x625ba0e00de540d8a65d4c7f93996ea8040e0f3e","200","0x530e9346870e632a63e8d461bb3c3622e00782de","Wrapped Zero","wZER"
"0xd1cc622ffa3174920705474fc011bca526b5a47ff54c5b48f5c2bf7fe08e4cea","1619240248","2021-04-24 04:57:28","0x625ba0e00de540d8a65d4c7f93996ea8040e0f3e","0xad7b5e295a476c43f1fc3b7bb945030e9e9ffdc6","52.926933620878249679","0x55d398326f99059ff775485246999027b3197955","Binance-Peg BUSD-T","BUSD-T"
"0xd1cc622ffa3174920705474fc011bca526b5a47ff54c5b48f5c2bf7fe08e4cea","1619240248","2021-04-24 04:57:28","0xad7b5e295a476c43f1fc3b7bb945030e9e9ffdc6","0x625ba0e00de540d8a65d4c7f93996ea8040e0f3e","100","0x530e9346870e632a63e8d461bb3c3622e00782de","Wrapped Zero","wZER"
"0x655aabf888062c1cdac7572682c293d2a66ac9b0ff10bbe87c84cbf344efba7b","1619240842","2021-04-24 05:07:22","0x625ba0e00de540d8a65d4c7f93996ea8040e0f3e","0xad7b5e295a476c43f1fc3b7bb945030e9e9ffdc6","81.082476919953313959","0x55d398326f99059ff775485246999027b3197955","Binance-Peg BUSD-T","BUSD-T"
"0x655aabf888062c1cdac7572682c293d2a66ac9b0ff10bbe87c84cbf344efba7b","1619240842","2021-04-24 05:07:22","0xad7b5e295a476c43f1fc3b7bb945030e9e9ffdc6","0x625ba0e00de540d8a65d4c7f93996ea8040e0f3e","150","0x530e9346870e632a63e8d461bb3c3622e00782de","Wrapped Zero","wZER"
"0x9347114eb262c357455b2f1f5e1ceed9ced13d597afb497eecbc23c29c56936d","1619241787","2021-04-24 05:23:07","0x625ba0e00de540d8a65d4c7f93996ea8040e0f3e","0xad7b5e295a476c43f1fc3b7bb945030e9e9ffdc6","83.18360691661889927","0x55d398326f99059ff775485246999027b3197955","Binance-Peg BUSD-T","BUSD-T"
"0x9347114eb262c357455b2f1f5e1ceed9ced13d597afb497eecbc23c29c56936d","1619241787","2021-04-24 05:23:07","0xad7b5e295a476c43f1fc3b7bb945030e9e9ffdc6","0x625ba0e00de540d8a65d4c7f93996ea8040e0f3e","150","0x530e9346870e632a63e8d461bb3c3622e00782de","Wrapped Zero","wZER"
"0x0b32ef27954b1ee62d2a10c95a9c344df619d31bdccfb03f138ab45e26e56a4e","1619242297","2021-04-24 05:31:37","0x625ba0e00de540d8a65d4c7f93996ea8040e0f3e","0xad7b5e295a476c43f1fc3b7bb945030e9e9ffdc6","85.367444539741418919","0x55d398326f99059ff775485246999027b3197955","Binance-Peg BUSD-T","BUSD-T"
"0x0b32ef27954b1ee62d2a10c95a9c344df619d31bdccfb03f138ab45e26e56a4e","1619242297","2021-04-24 05:31:37","0xad7b5e295a476c43f1fc3b7bb945030e9e9ffdc6","0x625ba0e00de540d8a65d4c7f93996ea8040e0f3e","150","0x530e9346870e632a63e8d461bb3c3622e00782de","Wrapped Zero","wZER"
"0xb5fc85e7e8069cc71971b2569f9701bd8114096b1ae89d21ccaa262fa0daf50f","1619242870","2021-04-24 05:41:10","0xdfbbd83df6b1b04d1c5dca99fac17f96c46ff77d","0xad7b5e295a476c43f1fc3b7bb945030e9e9ffdc6","10","0x55d398326f99059ff775485246999027b3197955","Binance-Peg BUSD-T","BUSD-T"
"0xb5fc85e7e8069cc71971b2569f9701bd8114096b1ae89d21ccaa262fa0daf50f","1619242870","2021-04-24 05:41:10","0xad7b5e295a476c43f1fc3b7bb945030e9e9ffdc6","0xdfbbd83df6b1b04d1c5dca99fac17f96c46ff77d","17.316910091078808702","0x530e9346870e632a63e8d461bb3c3622e00782de","Wrapped Zero","wZER"
"0xfe68e4bfd85b6db44bda829ad99baee0042f2d46516f3ea4a36e88d8bd5418a2","1619251830","2021-04-24 08:10:30","0x7efaef62fddcca950418312c6c91aef321375a00","0xad7b5e295a476c43f1fc3b7bb945030e9e9ffdc6","77.103493302562703838","0x55d398326f99059ff775485246999027b3197955","Binance-Peg BUSD-T","BUSD-T"
"0xfe68e4bfd85b6db44bda829ad99baee0042f2d46516f3ea4a36e88d8bd5418a2","1619251830","2021-04-24 08:10:30","0xad7b5e295a476c43f1fc3b7bb945030e9e9ffdc6","0xfe088062197ebe057a9603895ef63879a89cd5ed","131.779012669350469015","0x530e9346870e632a63e8d461bb3c3622e00782de","Wrapped Zero","wZER"
"0xb45e80868bd3bb4d2886e7f6857a79ea189e4ee8694209aa8e3bc88f1481b37d","1619271425","2021-04-24 13:37:05","0x625ba0e00de540d8a65d4c7f93996ea8040e0f3e","0xad7b5e295a476c43f1fc3b7bb945030e9e9ffdc6","175","0x530e9346870e632a63e8d461bb3c3622e00782de","Wrapped Zero","wZER"
"0xb45e80868bd3bb4d2886e7f6857a79ea189e4ee8694209aa8e3bc88f1481b37d","1619271425","2021-04-24 13:37:05","0xad7b5e295a476c43f1fc3b7bb945030e9e9ffdc6","0x625ba0e00de540d8a65d4c7f93996ea8040e0f3e","101.503454914136043149","0x55d398326f99059ff775485246999027b3197955","Binance-Peg BUSD-T","BUSD-T"
"0x72d6298a32f0b31fcb09a79599301dbd5b4c4098616754d1d2ce08318f27a0b2","1619273196","2021-04-24 14:06:36","0x625ba0e00de540d8a65d4c7f93996ea8040e0f3e","0xad7b5e295a476c43f1fc3b7bb945030e9e9ffdc6","150","0x530e9346870e632a63e8d461bb3c3622e00782de","Wrapped Zero","wZER"
"0x72d6298a32f0b31fcb09a79599301dbd5b4c4098616754d1d2ce08318f27a0b2","1619273196","2021-04-24 14:06:36","0xad7b5e295a476c43f1fc3b7bb945030e9e9ffdc6","0x625ba0e00de540d8a65d4c7f93996ea8040e0f3e","84.571757737907107866","0x55d398326f99059ff775485246999027b3197955","Binance-Peg BUSD-T","BUSD-T"
"0x7f676c97fd5320e4601c1012da163105325196ea6daa69a7305d77280fb77df7","1619274114","2021-04-24 14:21:54","0x625ba0e00de540d8a65d4c7f93996ea8040e0f3e","0xad7b5e295a476c43f1fc3b7bb945030e9e9ffdc6","151.533","0x530e9346870e632a63e8d461bb3c3622e00782de","Wrapped Zero","wZER"
"0x7f676c97fd5320e4601c1012da163105325196ea6daa69a7305d77280fb77df7","1619274114","2021-04-24 14:21:54","0xad7b5e295a476c43f1fc3b7bb945030e9e9ffdc6","0x625ba0e00de540d8a65d4c7f93996ea8040e0f3e","83.249793246845363768","0x55d398326f99059ff775485246999027b3197955","Binance-Peg BUSD-T","BUSD-T"
"0x15cb51d79b8c0622627e47ed7eed3b334086f490d6c5405705bb12673a7c22d2","1619277508","2021-04-24 15:18:28","0x815eda8ef4ee5ed760efe5827521ef65c27ab26e","0xad7b5e295a476c43f1fc3b7bb945030e9e9ffdc6","439.329125295085486639","0x530e9346870e632a63e8d461bb3c3622e00782de","Wrapped Zero","wZER"
"0x15cb51d79b8c0622627e47ed7eed3b334086f490d6c5405705bb12673a7c22d2","1619277508","2021-04-24 15:18:28","0x815eda8ef4ee5ed760efe5827521ef65c27ab26e","0xad7b5e295a476c43f1fc3b7bb945030e9e9ffdc6","238.84980041881617589","0x55d398326f99059ff775485246999027b3197955","Binance-Peg BUSD-T","BUSD-T"
"0x433e0e870dc233c98ba1c503b68dbbd35538efb07f8c65bd730eae8abad9724a","1619277826","2021-04-24 15:23:46","0x815eda8ef4ee5ed760efe5827521ef65c27ab26e","0xad7b5e295a476c43f1fc3b7bb945030e9e9ffdc6","69.144928817628418773","0x530e9346870e632a63e8d461bb3c3622e00782de","Wrapped Zero","wZER"
"0x433e0e870dc233c98ba1c503b68dbbd35538efb07f8c65bd730eae8abad9724a","1619277826","2021-04-24 15:23:46","0x815eda8ef4ee5ed760efe5827521ef65c27ab26e","0xad7b5e295a476c43f1fc3b7bb945030e9e9ffdc6","37.591981722065321181","0x55d398326f99059ff775485246999027b3197955","Binance-Peg BUSD-T","BUSD-T"
"0x521d63f702b28f3881161ca334f1cb55327ee0555d4aa0668d66969a30db75fd","1619291752","2021-04-24 19:15:52","0xfb438dc206e3e29f83748ad1a785b83f43cde553","0xad7b5e295a476c43f1fc3b7bb945030e9e9ffdc6","90.852782111740745116","0x530e9346870e632a63e8d461bb3c3622e00782de","Wrapped Zero","wZER"
"0x521d63f702b28f3881161ca334f1cb55327ee0555d4aa0668d66969a30db75fd","1619291752","2021-04-24 19:15:52","0xad7b5e295a476c43f1fc3b7bb945030e9e9ffdc6","0xfb438dc206e3e29f83748ad1a785b83f43cde553","48.909367945004202983","0x55d398326f99059ff775485246999027b3197955","Binance-Peg BUSD-T","BUSD-T"
"0x4132627b3d4d3f0e0a45fad5a123ecf44573a55189b05550acf1958c774088a9","1619305071","2021-04-24 22:57:51","0x531febfeb9a61d948c384acfbe6dcc51057aea7e","0xad7b5e295a476c43f1fc3b7bb945030e9e9ffdc6","164.073234339489439376","0x55d398326f99059ff775485246999027b3197955","Binance-Peg BUSD-T","BUSD-T"
"0x4132627b3d4d3f0e0a45fad5a123ecf44573a55189b05550acf1958c774088a9","1619305071","2021-04-24 22:57:51","0xad7b5e295a476c43f1fc3b7bb945030e9e9ffdc6","0xe4ceed76552565be3ae901e9a45f592b7697dc5c","298.136251058668253082","0x530e9346870e632a63e8d461bb3c3622e00782de","Wrapped Zero","wZER"
"0xed2e143b4d9ee0ad3f6ccaa2998d6acc919d69c8eb36aa6da2874b5bb50c8476","1619305071","2021-04-24 22:57:51","0x11dfb7e7ba33ae6e5b29ad170178ee9c26b3f069","0xad7b5e295a476c43f1fc3b7bb945030e9e9ffdc6","107.312716525399595522","0x530e9346870e632a63e8d461bb3c3622e00782de","Wrapped Zero","wZER"
"0xed2e143b4d9ee0ad3f6ccaa2998d6acc919d69c8eb36aa6da2874b5bb50c8476","1619305071","2021-04-24 22:57:51","0xad7b5e295a476c43f1fc3b7bb945030e9e9ffdc6","0x11dfb7e7ba33ae6e5b29ad170178ee9c26b3f069","59.688201486317745902","0x55d398326f99059ff775485246999027b3197955","Binance-Peg BUSD-T","BUSD-T"
"0x947bb50e1ac325f18095e4de9bf885808613f92e1286adc797275b3b417b1b23","1619306736","2021-04-24 23:25:36","0x680bb373b183ea2fd60c89fe33e1ead271822517","0xad7b5e295a476c43f1fc3b7bb945030e9e9ffdc6","300","0x530e9346870e632a63e8d461bb3c3622e00782de","Wrapped Zero","wZER"
"0x947bb50e1ac325f18095e4de9bf885808613f92e1286adc797275b3b417b1b23","1619306736","2021-04-24 23:25:36","0xad7b5e295a476c43f1fc3b7bb945030e9e9ffdc6","0x7efaef62fddcca950418312c6c91aef321375a00","161.425080547051664174","0x55d398326f99059ff775485246999027b3197955","Binance-Peg BUSD-T","BUSD-T"
"0xd22f4e00c67bbca1afa33c95885b5007635685ff9fcb421ce1c52d8efb731341","1619306736","2021-04-24 23:25:36","0xad7b5e295a476c43f1fc3b7bb945030e9e9ffdc6","0xfb438dc206e3e29f83748ad1a785b83f43cde553","87.784929256928978181","0x530e9346870e632a63e8d461bb3c3622e00782de","Wrapped Zero","wZER"
"0xd22f4e00c67bbca1afa33c95885b5007635685ff9fcb421ce1c52d8efb731341","1619306736","2021-04-24 23:25:36","0xfb438dc206e3e29f83748ad1a785b83f43cde553","0xad7b5e295a476c43f1fc3b7bb945030e9e9ffdc6","46.65956525706983","0x55d398326f99059ff775485246999027b3197955","Binance-Peg BUSD-T","BUSD-T"
"0x765a4b9de2d7d21a15a3e78bdf3c4eb901a08df89a866b025d6f0e94f01222de","1619313247","2021-04-25 01:14:07","0x680bb373b183ea2fd60c89fe33e1ead271822517","0xad7b5e295a476c43f1fc3b7bb945030e9e9ffdc6","280","0x530e9346870e632a63e8d461bb3c3622e00782de","Wrapped Zero","wZER"
"0x765a4b9de2d7d21a15a3e78bdf3c4eb901a08df89a866b025d6f0e94f01222de","1619313247","2021-04-25 01:14:07","0xad7b5e295a476c43f1fc3b7bb945030e9e9ffdc6","0x7efaef62fddcca950418312c6c91aef321375a00","145.846802073009199735","0x55d398326f99059ff775485246999027b3197955","Binance-Peg BUSD-T","BUSD-T"
"0x26795b6d15f14c808271a2997356ceed29bac0639b2792cddd46c5559dd73989","1619344846","2021-04-25 10:00:46","0xa5869a6cdba921873c226401a2bbbd257d6ed59c","0xad7b5e295a476c43f1fc3b7bb945030e9e9ffdc6","1,556.1419292305612849","0x530e9346870e632a63e8d461bb3c3622e00782de","Wrapped Zero","wZER"
"0x26795b6d15f14c808271a2997356ceed29bac0639b2792cddd46c5559dd73989","1619344846","2021-04-25 10:00:46","0xa5869a6cdba921873c226401a2bbbd257d6ed59c","0xad7b5e295a476c43f1fc3b7bb945030e9e9ffdc6","794.63848772133865501","0x55d398326f99059ff775485246999027b3197955","Binance-Peg BUSD-T","BUSD-T"
"0x55daf0c7cefe21566f6a5ed00eb6a093b630d6de5e992e4d8a5bf87c70cadf52","1619345530","2021-04-25 10:12:10","0xd3e5abc3e04a9510db74615a005149884532c32f","0xad7b5e295a476c43f1fc3b7bb945030e9e9ffdc6","500","0x530e9346870e632a63e8d461bb3c3622e00782de","Wrapped Zero","wZER"
"0x55daf0c7cefe21566f6a5ed00eb6a093b630d6de5e992e4d8a5bf87c70cadf52","1619345530","2021-04-25 10:12:10","0xad7b5e295a476c43f1fc3b7bb945030e9e9ffdc6","0x7efaef62fddcca950418312c6c91aef321375a00","246.05826277789129818","0x55d398326f99059ff775485246999027b3197955","Binance-Peg BUSD-T","BUSD-T"
"0x644cf1992d31cdb3b8dbb822f3e4c9e7b1cb5f7cc1dd4bc2249a2c31f7d00b97","1619345536","2021-04-25 10:12:16","0xd6ef59d6e6356ab232295a66a786117978bf276f","0xad7b5e295a476c43f1fc3b7bb945030e9e9ffdc6","79","0x55d398326f99059ff775485246999027b3197955","Binance-Peg BUSD-T","BUSD-T"
"0x644cf1992d31cdb3b8dbb822f3e4c9e7b1cb5f7cc1dd4bc2249a2c31f7d00b97","1619345536","2021-04-25 10:12:16","0xad7b5e295a476c43f1fc3b7bb945030e9e9ffdc6","0xb374394aee78d2f42926b9eb040e248ee2ea67ec","163.426575072963050994","0x530e9346870e632a63e8d461bb3c3622e00782de","Wrapped Zero","wZER"
"0xcb24aa46d18c7e044853690d746338fc4c8f92b7ac8dbb5d26f9f1ae5457583b","1619345572","2021-04-25 10:12:52","0xd3e5abc3e04a9510db74615a005149884532c32f","0xad7b5e295a476c43f1fc3b7bb945030e9e9ffdc6","500.600461479398135299","0x530e9346870e632a63e8d461bb3c3622e00782de","Wrapped Zero","wZER"
"0xcb24aa46d18c7e044853690d746338fc4c8f92b7ac8dbb5d26f9f1ae5457583b","1619345572","2021-04-25 10:12:52","0xad7b5e295a476c43f1fc3b7bb945030e9e9ffdc6","0x7efaef62fddcca950418312c6c91aef321375a00","235.300295847151700447","0x55d398326f99059ff775485246999027b3197955","Binance-Peg BUSD-T","BUSD-T"
"0xa701a97711fe32123489278bbe2203afaf6c8b4016af3bdc268da71b961eba6f","1619345572","2021-04-25 10:12:52","0xad7b5e295a476c43f1fc3b7bb945030e9e9ffdc6","0x11dfb7e7ba33ae6e5b29ad170178ee9c26b3f069","138.777165680930586054","0x530e9346870e632a63e8d461bb3c3622e00782de","Wrapped Zero","wZER"
"0xa701a97711fe32123489278bbe2203afaf6c8b4016af3bdc268da71b961eba6f","1619345572","2021-04-25 10:12:52","0x11dfb7e7ba33ae6e5b29ad170178ee9c26b3f069","0xad7b5e295a476c43f1fc3b7bb945030e9e9ffdc6","63.968272276167854565","0x55d398326f99059ff775485246999027b3197955","Binance-Peg BUSD-T","BUSD-T"
"0x64ae7dd69c1d7051406e35cf4c0b4d66ecbcb035a9f5adb7e2d9cd561c43f87e","1619354725","2021-04-25 12:45:25","0x680bb373b183ea2fd60c89fe33e1ead271822517","0xad7b5e295a476c43f1fc3b7bb945030e9e9ffdc6","300","0x530e9346870e632a63e8d461bb3c3622e00782de","Wrapped Zero","wZER"
"0x64ae7dd69c1d7051406e35cf4c0b4d66ecbcb035a9f5adb7e2d9cd561c43f87e","1619354725","2021-04-25 12:45:25","0xad7b5e295a476c43f1fc3b7bb945030e9e9ffdc6","0x7efaef62fddcca950418312c6c91aef321375a00","136.144915409242074629","0x55d398326f99059ff775485246999027b3197955","Binance-Peg BUSD-T","BUSD-T"
"0xd95afd5f59b18b6e3d84024f065464f6571b5453d309cf9caad735949dc81102","1619359716","2021-04-25 14:08:36","0x625ba0e00de540d8a65d4c7f93996ea8040e0f3e","0xad7b5e295a476c43f1fc3b7bb945030e9e9ffdc6","113.642767404657520101","0x55d398326f99059ff775485246999027b3197955","Binance-Peg BUSD-T","BUSD-T"
"0xd95afd5f59b18b6e3d84024f065464f6571b5453d309cf9caad735949dc81102","1619359716","2021-04-25 14:08:36","0xad7b5e295a476c43f1fc3b7bb945030e9e9ffdc6","0x625ba0e00de540d8a65d4c7f93996ea8040e0f3e","250","0x530e9346870e632a63e8d461bb3c3622e00782de","Wrapped Zero","wZER"
"0xfd86ba33932abcb71d08e473753659cc4f134131da18215b23488dcb6bd0bfee","1619359809","2021-04-25 14:10:09","0x625ba0e00de540d8a65d4c7f93996ea8040e0f3e","0xad7b5e295a476c43f1fc3b7bb945030e9e9ffdc6","100","0x55d398326f99059ff775485246999027b3197955","Binance-Peg BUSD-T","BUSD-T"
"0xfd86ba33932abcb71d08e473753659cc4f134131da18215b23488dcb6bd0bfee","1619359809","2021-04-25 14:10:09","0xad7b5e295a476c43f1fc3b7bb945030e9e9ffdc6","0x625ba0e00de540d8a65d4c7f93996ea8040e0f3e","213.284421253761718218","0x530e9346870e632a63e8d461bb3c3622e00782de","Wrapped Zero","wZER"
"0xf7ff11653acd08a34560af9746a0f1f2d3186e2c936fb0f299afa48cee7370c8","1619372450","2021-04-25 17:40:50","0xe4ceed76552565be3ae901e9a45f592b7697dc5c","0xad7b5e295a476c43f1fc3b7bb945030e9e9ffdc6","98.13625","0x530e9346870e632a63e8d461bb3c3622e00782de","Wrapped Zero","wZER"
"0xf7ff11653acd08a34560af9746a0f1f2d3186e2c936fb0f299afa48cee7370c8","1619372450","2021-04-25 17:40:50","0xad7b5e295a476c43f1fc3b7bb945030e9e9ffdc6","0x16b9a82891338f9ba80e2d6970fdda79d1eb0dae","46.139336201964693109","0x55d398326f99059ff775485246999027b3197955","Binance-Peg BUSD-T","BUSD-T"
"0xc2a0d41ae638ee7fe9a964fe38d040217adc2027ee996095d5ecffe1a49a5dc4","1619372486","2021-04-25 17:41:26","0x625ba0e00de540d8a65d4c7f93996ea8040e0f3e","0xad7b5e295a476c43f1fc3b7bb945030e9e9ffdc6","95.159793287682153559","0x55d398326f99059ff775485246999027b3197955","Binance-Peg BUSD-T","BUSD-T"
"0xc2a0d41ae638ee7fe9a964fe38d040217adc2027ee996095d5ecffe1a49a5dc4","1619372486","2021-04-25 17:41:26","0xad7b5e295a476c43f1fc3b7bb945030e9e9ffdc6","0x625ba0e00de540d8a65d4c7f93996ea8040e0f3e","200","0x530e9346870e632a63e8d461bb3c3622e00782de","Wrapped Zero","wZER"
"0x2a78eb304919e8b27e11620749c6390a0d0258ffb1acd3fc15f7d69ac8ae7768","1619398592","2021-04-26 00:56:32","0x045eee0b7c7768a4f5448fdec2e0c7e56990ca8e","0xad7b5e295a476c43f1fc3b7bb945030e9e9ffdc6","23","0x55d398326f99059ff775485246999027b3197955","Binance-Peg BUSD-T","BUSD-T"
"0x2a78eb304919e8b27e11620749c6390a0d0258ffb1acd3fc15f7d69ac8ae7768","1619398592","2021-04-26 00:56:32","0xad7b5e295a476c43f1fc3b7bb945030e9e9ffdc6","0x045eee0b7c7768a4f5448fdec2e0c7e56990ca8e","47.532860623088748045","0x530e9346870e632a63e8d461bb3c3622e00782de","Wrapped Zero","wZER"
"0xdd041ce11f228514e5680bf5237121951c382a76347e2040ba722f048f0c4c54","1619398685","2021-04-26 00:58:05","0x045eee0b7c7768a4f5448fdec2e0c7e56990ca8e","0xad7b5e295a476c43f1fc3b7bb945030e9e9ffdc6","25.162278025300117357","0x55d398326f99059ff775485246999027b3197955","Binance-Peg BUSD-T","BUSD-T"
"0xdd041ce11f228514e5680bf5237121951c382a76347e2040ba722f048f0c4c54","1619398685","2021-04-26 00:58:05","0x045eee0b7c7768a4f5448fdec2e0c7e56990ca8e","0xad7b5e295a476c43f1fc3b7bb945030e9e9ffdc6","51.962390573365275688","0x530e9346870e632a63e8d461bb3c3622e00782de","Wrapped Zero","wZER"
"0x873ea82bf497dba37631604b73bf289cd078b788cd00bf419d1d1f74b4667f79","1619407276","2021-04-26 03:21:16","0xc603a00595d5f8ea8d93c5c338c00ff29dba6258","0xad7b5e295a476c43f1fc3b7bb945030e9e9ffdc6","32.0925","0x55d398326f99059ff775485246999027b3197955","Binance-Peg BUSD-T","BUSD-T"
"0x873ea82bf497dba37631604b73bf289cd078b788cd00bf419d1d1f74b4667f79","1619407276","2021-04-26 03:21:16","0xad7b5e295a476c43f1fc3b7bb945030e9e9ffdc6","0xc603a00595d5f8ea8d93c5c338c00ff29dba6258","65.811541443162723043","0x530e9346870e632a63e8d461bb3c3622e00782de","Wrapped Zero","wZER"
"0x5261a133e499a00459252c0b68517046fa4aeb53ef9f4ff010b49228725097e7","1619407345","2021-04-26 03:22:25","0xc603a00595d5f8ea8d93c5c338c00ff29dba6258","0xad7b5e295a476c43f1fc3b7bb945030e9e9ffdc6","99.5","0x55d398326f99059ff775485246999027b3197955","Binance-Peg BUSD-T","BUSD-T"
"0x5261a133e499a00459252c0b68517046fa4aeb53ef9f4ff010b49228725097e7","1619407345","2021-04-26 03:22:25","0xad7b5e295a476c43f1fc3b7bb945030e9e9ffdc6","0xc603a00595d5f8ea8d93c5c338c00ff29dba6258","200.337221219019617121","0x530e9346870e632a63e8d461bb3c3622e00782de","Wrapped Zero","wZER"
"0xfcaf3fb6f4ffd75e8a07687a363b48e67cfef30ff2e78523d4968a66b7a18f47","1619418443","2021-04-26 06:27:23","0x2f9b1a144db2ca36771e56b2e66043d3b2da4913","0xad7b5e295a476c43f1fc3b7bb945030e9e9ffdc6","2,548","0x55d398326f99059ff775485246999027b3197955","Binance-Peg BUSD-T","BUSD-T"
"0xfcaf3fb6f4ffd75e8a07687a363b48e67cfef30ff2e78523d4968a66b7a18f47","1619418443","2021-04-26 06:27:23","0x2f9b1a144db2ca36771e56b2e66043d3b2da4913","0xad7b5e295a476c43f1fc3b7bb945030e9e9ffdc6","5,072.343318315247149272","0x530e9346870e632a63e8d461bb3c3622e00782de","Wrapped Zero","wZER"
"0x851db1f66a8039ce04fbfb62cb9067aac44e06d7adfcd07061f6ebd2800b2819","1619435765","2021-04-26 11:16:05","0xc603a00595d5f8ea8d93c5c338c00ff29dba6258","0xad7b5e295a476c43f1fc3b7bb945030e9e9ffdc6","150","0x530e9346870e632a63e8d461bb3c3622e00782de","Wrapped Zero","wZER"
"0x851db1f66a8039ce04fbfb62cb9067aac44e06d7adfcd07061f6ebd2800b2819","1619435765","2021-04-26 11:16:05","0xad7b5e295a476c43f1fc3b7bb945030e9e9ffdc6","0xc603a00595d5f8ea8d93c5c338c00ff29dba6258","74.588201868832198005","0x55d398326f99059ff775485246999027b3197955","Binance-Peg BUSD-T","BUSD-T"
"0xe28c899029edfe03484445f08e5e1b77daffffa109e614708c166ff122dfcf90","1619439217","2021-04-26 12:13:37","0x531febfeb9a61d948c384acfbe6dcc51057aea7e","0xad7b5e295a476c43f1fc3b7bb945030e9e9ffdc6","26.881929117572543191","0x55d398326f99059ff775485246999027b3197955","Binance-Peg BUSD-T","BUSD-T"
"0xe28c899029edfe03484445f08e5e1b77daffffa109e614708c166ff122dfcf90","1619439217","2021-04-26 12:13:37","0xad7b5e295a476c43f1fc3b7bb945030e9e9ffdc6","0x7f780f67c838558c503cf070554dbe43aabfa3a9","54.05579493093988639","0x530e9346870e632a63e8d461bb3c3622e00782de","Wrapped Zero","wZER"
"0xa2277adce15c3b7369f7994e47afbd79d7efd3da64b0d89057f7e9f70f1b3b40","1619443835","2021-04-26 13:30:35","0x045eee0b7c7768a4f5448fdec2e0c7e56990ca8e","0xad7b5e295a476c43f1fc3b7bb945030e9e9ffdc6","48.359561842119665081","0x55d398326f99059ff775485246999027b3197955","Binance-Peg BUSD-T","BUSD-T"
"0xa2277adce15c3b7369f7994e47afbd79d7efd3da64b0d89057f7e9f70f1b3b40","1619443835","2021-04-26 13:30:35","0x045eee0b7c7768a4f5448fdec2e0c7e56990ca8e","0xad7b5e295a476c43f1fc3b7bb945030e9e9ffdc6","97.218757805750817859","0x530e9346870e632a63e8d461bb3c3622e00782de","Wrapped Zero","wZER"
"0x12829a719ee3004f48081682257ac469661664e0b4d15b3b1797bc426e15e698","1619452232","2021-04-26 15:50:32","0x680bb373b183ea2fd60c89fe33e1ead271822517","0xad7b5e295a476c43f1fc3b7bb945030e9e9ffdc6","280","0x530e9346870e632a63e8d461bb3c3622e00782de","Wrapped Zero","wZER"
"0x12829a719ee3004f48081682257ac469661664e0b4d15b3b1797bc426e15e698","1619452232","2021-04-26 15:50:32","0xad7b5e295a476c43f1fc3b7bb945030e9e9ffdc6","0x7efaef62fddcca950418312c6c91aef321375a00","136.986479390211626738","0x55d398326f99059ff775485246999027b3197955","Binance-Peg BUSD-T","BUSD-T"
"0x4f080eff5b9da87e649106701c2209ac04bc5239a632f194cb677830461ee794","1619452670","2021-04-26 15:57:50","0x625ba0e00de540d8a65d4c7f93996ea8040e0f3e","0xad7b5e295a476c43f1fc3b7bb945030e9e9ffdc6","100","0x55d398326f99059ff775485246999027b3197955","Binance-Peg BUSD-T","BUSD-T"
"0x4f080eff5b9da87e649106701c2209ac04bc5239a632f194cb677830461ee794","1619452670","2021-04-26 15:57:50","0xad7b5e295a476c43f1fc3b7bb945030e9e9ffdc6","0x625ba0e00de540d8a65d4c7f93996ea8040e0f3e","204.163415848922083569","0x530e9346870e632a63e8d461bb3c3622e00782de","Wrapped Zero","wZER"
"0x66a1ce2718c87b56bf6c7ba386b8bb1fdd9a9c4d92a1cae6049b8dfc072fd124","1619455232","2021-04-26 16:40:32","0x8e73c4348e08f703f8486046ef206462aba11de8","0xad7b5e295a476c43f1fc3b7bb945030e9e9ffdc6","2,421.229849361840338206","0x530e9346870e632a63e8d461bb3c3622e00782de","Wrapped Zero","wZER"
"0x66a1ce2718c87b56bf6c7ba386b8bb1fdd9a9c4d92a1cae6049b8dfc072fd124","1619455232","2021-04-26 16:40:32","0x8e73c4348e08f703f8486046ef206462aba11de8","0xad7b5e295a476c43f1fc3b7bb945030e9e9ffdc6","1,195.228997627132271351","0x55d398326f99059ff775485246999027b3197955","Binance-Peg BUSD-T","BUSD-T"
"0xda913fadf97f7047c46691cf50ff5b472a2d9127d28be0d1cf579319566b86df","1619455430","2021-04-26 16:43:50","0x625ba0e00de540d8a65d4c7f93996ea8040e0f3e","0xad7b5e295a476c43f1fc3b7bb945030e9e9ffdc6","100","0x55d398326f99059ff775485246999027b3197955","Binance-Peg BUSD-T","BUSD-T"
"0xda913fadf97f7047c46691cf50ff5b472a2d9127d28be0d1cf579319566b86df","1619455430","2021-04-26 16:43:50","0xad7b5e295a476c43f1fc3b7bb945030e9e9ffdc6","0x625ba0e00de540d8a65d4c7f93996ea8040e0f3e","200.242183724277914671","0x530e9346870e632a63e8d461bb3c3622e00782de","Wrapped Zero","wZER"
"0x8bd3adc2446c934ce13ab419e7bd37d89ad9b7ab5a8fb4671647c5dcab515aff","1619455865","2021-04-26 16:51:05","0x2f9b1a144db2ca36771e56b2e66043d3b2da4913","0xad7b5e295a476c43f1fc3b7bb945030e9e9ffdc6","4,538.518959762834869263","0xad7b5e295a476c43f1fc3b7bb945030e9e9ffdc6","Pancake LPs","Cake-LP"
"0x8bd3adc2446c934ce13ab419e7bd37d89ad9b7ab5a8fb4671647c5dcab515aff","1619455865","2021-04-26 16:51:05","0xad7b5e295a476c43f1fc3b7bb945030e9e9ffdc6","0x0000000000000000000000000000000000000000","4,538.518959762834869263","0xad7b5e295a476c43f1fc3b7bb945030e9e9ffdc6","Pancake LPs","Cake-LP"
"0x8bd3adc2446c934ce13ab419e7bd37d89ad9b7ab5a8fb4671647c5dcab515aff","1619455865","2021-04-26 16:51:05","0xad7b5e295a476c43f1fc3b7bb945030e9e9ffdc6","0x2f9b1a144db2ca36771e56b2e66043d3b2da4913","6,403.549306814683445047","0x530e9346870e632a63e8d461bb3c3622e00782de","Wrapped Zero","wZER"
"0x8bd3adc2446c934ce13ab419e7bd37d89ad9b7ab5a8fb4671647c5dcab515aff","1619455865","2021-04-26 16:51:05","0xad7b5e295a476c43f1fc3b7bb945030e9e9ffdc6","0x2f9b1a144db2ca36771e56b2e66043d3b2da4913","3,219.068028773713427551","0x55d398326f99059ff775485246999027b3197955","Binance-Peg BUSD-T","BUSD-T"
"0x8ecd4c0cf7bfbc48d3b72e32bb8e9a6f4b55ddd4c5a3ade20564a68e0a9b86e5","1619460373","2021-04-26 18:06:13","0xe4ceed76552565be3ae901e9a45f592b7697dc5c","0xad7b5e295a476c43f1fc3b7bb945030e9e9ffdc6","200.000001058668253082","0x530e9346870e632a63e8d461bb3c3622e00782de","Wrapped Zero","wZER"
"0x8ecd4c0cf7bfbc48d3b72e32bb8e9a6f4b55ddd4c5a3ade20564a68e0a9b86e5","1619460373","2021-04-26 18:06:13","0xad7b5e295a476c43f1fc3b7bb945030e9e9ffdc6","0x16b9a82891338f9ba80e2d6970fdda79d1eb0dae","99.018895527447892928","0x55d398326f99059ff775485246999027b3197955","Binance-Peg BUSD-T","BUSD-T"
"0x010e31732dd90ac0f9e93c05b4abdf17e451d7769baad4434826a27230dad288","1619461726","2021-04-26 18:28:46","0xc603a00595d5f8ea8d93c5c338c00ff29dba6258","0xad7b5e295a476c43f1fc3b7bb945030e9e9ffdc6","209.575","0x55d398326f99059ff775485246999027b3197955","Binance-Peg BUSD-T","BUSD-T"
"0x010e31732dd90ac0f9e93c05b4abdf17e451d7769baad4434826a27230dad288","1619461726","2021-04-26 18:28:46","0xad7b5e295a476c43f1fc3b7bb945030e9e9ffdc6","0xc603a00595d5f8ea8d93c5c338c00ff29dba6258","415.358244580839229609","0x530e9346870e632a63e8d461bb3c3622e00782de","Wrapped Zero","wZER"
"0x53c82cbd3a810a97f3926affd274fa6be89b4424a7a8369c62ea8c6b22090ac7","1619464999","2021-04-26 19:23:19","0x625ba0e00de540d8a65d4c7f93996ea8040e0f3e","0xad7b5e295a476c43f1fc3b7bb945030e9e9ffdc6","94.394375809063649766","0x55d398326f99059ff775485246999027b3197955","Binance-Peg BUSD-T","BUSD-T"
"0x53c82cbd3a810a97f3926affd274fa6be89b4424a7a8369c62ea8c6b22090ac7","1619464999","2021-04-26 19:23:19","0xad7b5e295a476c43f1fc3b7bb945030e9e9ffdc6","0x625ba0e00de540d8a65d4c7f93996ea8040e0f3e","180","0x530e9346870e632a63e8d461bb3c3622e00782de","Wrapped Zero","wZER"
"0x9e91b06b55a653ce71ff97c636841a7f3ce3321825ec054afabdf9ff3acb3a29","1619467870","2021-04-26 20:11:10","0xc603a00595d5f8ea8d93c5c338c00ff29dba6258","0xad7b5e295a476c43f1fc3b7bb945030e9e9ffdc6","85.2","0x55d398326f99059ff775485246999027b3197955","Binance-Peg BUSD-T","BUSD-T"
"0x9e91b06b55a653ce71ff97c636841a7f3ce3321825ec054afabdf9ff3acb3a29","1619467870","2021-04-26 20:11:10","0xad7b5e295a476c43f1fc3b7bb945030e9e9ffdc6","0xc603a00595d5f8ea8d93c5c338c00ff29dba6258","158.873765190398590105","0x530e9346870e632a63e8d461bb3c3622e00782de","Wrapped Zero","wZER"
"0xb39c27290f12072c6bc4a9ed882e41aebb00c5953604b4cdbdc97717c4f5bf7d","1619477943","2021-04-26 22:59:03","0xc603a00595d5f8ea8d93c5c338c00ff29dba6258","0xad7b5e295a476c43f1fc3b7bb945030e9e9ffdc6","332.094","0x530e9346870e632a63e8d461bb3c3622e00782de","Wrapped Zero","wZER"
"0xb39c27290f12072c6bc4a9ed882e41aebb00c5953604b4cdbdc97717c4f5bf7d","1619477943","2021-04-26 22:59:03","0xad7b5e295a476c43f1fc3b7bb945030e9e9ffdc6","0xc603a00595d5f8ea8d93c5c338c00ff29dba6258","175.216593343320649423","0x55d398326f99059ff775485246999027b3197955","Binance-Peg BUSD-T","BUSD-T"
"0x82c3e5bf9dff18382039ce2c9057aaafe873f4cc61bd3222e6ac21b5f41c9994","1619507469","2021-04-27 07:11:09","0x625ba0e00de540d8a65d4c7f93996ea8040e0f3e","0xad7b5e295a476c43f1fc3b7bb945030e9e9ffdc6","129.163692859859421641","0x55d398326f99059ff775485246999027b3197955","Binance-Peg BUSD-T","BUSD-T"
"0x82c3e5bf9dff18382039ce2c9057aaafe873f4cc61bd3222e6ac21b5f41c9994","1619507469","2021-04-27 07:11:09","0xad7b5e295a476c43f1fc3b7bb945030e9e9ffdc6","0x625ba0e00de540d8a65d4c7f93996ea8040e0f3e","245","0x530e9346870e632a63e8d461bb3c3622e00782de","Wrapped Zero","wZER"
"0xd1cbbad9bf4a52d4dc700581c48293ed169f17a181c4958719c4ed9a218dedb5","1619523852","2021-04-27 11:44:12","0xfb438dc206e3e29f83748ad1a785b83f43cde553","0xad7b5e295a476c43f1fc3b7bb945030e9e9ffdc6","76.16298575723415977","0x530e9346870e632a63e8d461bb3c3622e00782de","Wrapped Zero","wZER"
"0xd1cbbad9bf4a52d4dc700581c48293ed169f17a181c4958719c4ed9a218dedb5","1619523852","2021-04-27 11:44:12","0xad7b5e295a476c43f1fc3b7bb945030e9e9ffdc6","0xfb438dc206e3e29f83748ad1a785b83f43cde553","40.399442475046318642","0x55d398326f99059ff775485246999027b3197955","Binance-Peg BUSD-T","BUSD-T"
"0xf288df42c4020aa266d9e7bddcebfff2c7fee0751b0cdf10e263240bb51a2733","1619530820","2021-04-27 13:40:20","0x2f9b1a144db2ca36771e56b2e66043d3b2da4913","0xad7b5e295a476c43f1fc3b7bb945030e9e9ffdc6","350","0x530e9346870e632a63e8d461bb3c3622e00782de","Wrapped Zero","wZER"
"0xf288df42c4020aa266d9e7bddcebfff2c7fee0751b0cdf10e263240bb51a2733","1619530820","2021-04-27 13:40:20","0xad7b5e295a476c43f1fc3b7bb945030e9e9ffdc6","0x2f9b1a144db2ca36771e56b2e66043d3b2da4913","180.562696731065633059","0x55d398326f99059ff775485246999027b3197955","Binance-Peg BUSD-T","BUSD-T"
"0x392a1b2d375216d04ff9093c17b6e6b0adc4d703d91c2f75b0211ec73c3691a7","1619531223","2021-04-27 13:47:03","0x2f9b1a144db2ca36771e56b2e66043d3b2da4913","0xad7b5e295a476c43f1fc3b7bb945030e9e9ffdc6","100","0x530e9346870e632a63e8d461bb3c3622e00782de","Wrapped Zero","wZER"
"0x392a1b2d375216d04ff9093c17b6e6b0adc4d703d91c2f75b0211ec73c3691a7","1619531223","2021-04-27 13:47:03","0xad7b5e295a476c43f1fc3b7bb945030e9e9ffdc6","0x2f9b1a144db2ca36771e56b2e66043d3b2da4913","50.103431138427069192","0x55d398326f99059ff775485246999027b3197955","Binance-Peg BUSD-T","BUSD-T"
"0x455fe3ba95f964332bd7df65e8941205e936f4ab922e69b05ee25724d4ce1c98","1619558242","2021-04-27 21:17:22","0x2f9b1a144db2ca36771e56b2e66043d3b2da4913","0xad7b5e295a476c43f1fc3b7bb945030e9e9ffdc6","3,407.783982159712425091","0x530e9346870e632a63e8d461bb3c3622e00782de","Wrapped Zero","wZER"
"0x455fe3ba95f964332bd7df65e8941205e936f4ab922e69b05ee25724d4ce1c98","1619558242","2021-04-27 21:17:22","0x2f9b1a144db2ca36771e56b2e66043d3b2da4913","0xad7b5e295a476c43f1fc3b7bb945030e9e9ffdc6","1,700.734156643206129801","0x55d398326f99059ff775485246999027b3197955","Binance-Peg BUSD-T","BUSD-T"
"0xa6124a3da2f5057d97d91fc099a7e51bf3e6b6f016ea77a96e5d1217d9ef321a","1619561912","2021-04-27 22:18:32","0xdfbbd83df6b1b04d1c5dca99fac17f96c46ff77d","0xad7b5e295a476c43f1fc3b7bb945030e9e9ffdc6","22.875545202787704417","0x530e9346870e632a63e8d461bb3c3622e00782de","Wrapped Zero","wZER"
"0xa6124a3da2f5057d97d91fc099a7e51bf3e6b6f016ea77a96e5d1217d9ef321a","1619561912","2021-04-27 22:18:32","0xad7b5e295a476c43f1fc3b7bb945030e9e9ffdc6","0x16b9a82891338f9ba80e2d6970fdda79d1eb0dae","11.374389655531698855","0x55d398326f99059ff775485246999027b3197955","Binance-Peg BUSD-T","BUSD-T"
"0x08c4e36c08cea6a8642d9d27c1b8b4bbf0ce16b1ee2557cd702b1f1d3e8eb089","1619608484","2021-04-28 11:14:44","0x680bb373b183ea2fd60c89fe33e1ead271822517","0xad7b5e295a476c43f1fc3b7bb945030e9e9ffdc6","121.32546638334201583","0x530e9346870e632a63e8d461bb3c3622e00782de","Wrapped Zero","wZER"
"0x08c4e36c08cea6a8642d9d27c1b8b4bbf0ce16b1ee2557cd702b1f1d3e8eb089","1619608484","2021-04-28 11:14:44","0xad7b5e295a476c43f1fc3b7bb945030e9e9ffdc6","0x7efaef62fddcca950418312c6c91aef321375a00","59.8736569507887321","0x55d398326f99059ff775485246999027b3197955","Binance-Peg BUSD-T","BUSD-T"
"0x1099dee142fa4404b1907c7a98ec1b758bb5ffd64559a161c5935afff21166b7","1619608484","2021-04-28 11:14:44","0xad7b5e295a476c43f1fc3b7bb945030e9e9ffdc6","0xfb438dc206e3e29f83748ad1a785b83f43cde553","84.107909605973517737","0x530e9346870e632a63e8d461bb3c3622e00782de","Wrapped Zero","wZER"
"0x1099dee142fa4404b1907c7a98ec1b758bb5ffd64559a161c5935afff21166b7","1619608484","2021-04-28 11:14:44","0xfb438dc206e3e29f83748ad1a785b83f43cde553","0xad7b5e295a476c43f1fc3b7bb945030e9e9ffdc6","41.63389231884602","0x55d398326f99059ff775485246999027b3197955","Binance-Peg BUSD-T","BUSD-T"
"0x9227b86d27af8bc7e2230a334fe891abc7d4b231be483be5b035c4da7fc0bf8a","1619615750","2021-04-28 13:15:50","0xcac06e56e53b9af96b92c71cbb5f1859825fb27d","0xad7b5e295a476c43f1fc3b7bb945030e9e9ffdc6","1,000","0x530e9346870e632a63e8d461bb3c3622e00782de","Wrapped Zero","wZER"
"0x9227b86d27af8bc7e2230a334fe891abc7d4b231be483be5b035c4da7fc0bf8a","1619615750","2021-04-28 13:15:50","0xad7b5e295a476c43f1fc3b7bb945030e9e9ffdc6","0x531febfeb9a61d948c384acfbe6dcc51057aea7e","470.135260404772686598","0x55d398326f99059ff775485246999027b3197955","Binance-Peg BUSD-T","BUSD-T"
"0x13ea5b0c3d10b568bf859a34b2230a09c27abf77aba64ac3a98226f0593df247","1619615750","2021-04-28 13:15:50","0xad7b5e295a476c43f1fc3b7bb945030e9e9ffdc6","0x11dfb7e7ba33ae6e5b29ad170178ee9c26b3f069","138.598437496395785502","0x530e9346870e632a63e8d461bb3c3622e00782de","Wrapped Zero","wZER"
"0x13ea5b0c3d10b568bf859a34b2230a09c27abf77aba64ac3a98226f0593df247","1619615750","2021-04-28 13:15:50","0x11dfb7e7ba33ae6e5b29ad170178ee9c26b3f069","0xad7b5e295a476c43f1fc3b7bb945030e9e9ffdc6","62.658643679181148584","0x55d398326f99059ff775485246999027b3197955","Binance-Peg BUSD-T","BUSD-T"
"0xd4f69614f40155bc3c096d10528893f3abf6e985ebb23013ebc23e124064e150","1619638058","2021-04-28 19:27:38","0x625ba0e00de540d8a65d4c7f93996ea8040e0f3e","0xad7b5e295a476c43f1fc3b7bb945030e9e9ffdc6","91.96970139659048677","0x55d398326f99059ff775485246999027b3197955","Binance-Peg BUSD-T","BUSD-T"
"0xd4f69614f40155bc3c096d10528893f3abf6e985ebb23013ebc23e124064e150","1619638058","2021-04-28 19:27:38","0xad7b5e295a476c43f1fc3b7bb945030e9e9ffdc6","0x625ba0e00de540d8a65d4c7f93996ea8040e0f3e","200","0x530e9346870e632a63e8d461bb3c3622e00782de","Wrapped Zero","wZER"
"0x038eaa94679c925c2c963cba4e337ef431760ce496ceb77a1a655f0e6a482f71","1619641045","2021-04-28 20:17:25","0x625ba0e00de540d8a65d4c7f93996ea8040e0f3e","0xad7b5e295a476c43f1fc3b7bb945030e9e9ffdc6","93.854332271190576757","0x55d398326f99059ff775485246999027b3197955","Binance-Peg BUSD-T","BUSD-T"
"0x038eaa94679c925c2c963cba4e337ef431760ce496ceb77a1a655f0e6a482f71","1619641045","2021-04-28 20:17:25","0xad7b5e295a476c43f1fc3b7bb945030e9e9ffdc6","0x625ba0e00de540d8a65d4c7f93996ea8040e0f3e","200","0x530e9346870e632a63e8d461bb3c3622e00782de","Wrapped Zero","wZER"
"0x638af9e4ac039f8424a9c9df87930eaec8865b7fad94a1259b8b1d42d84358d5","1619641132","2021-04-28 20:18:52","0x625ba0e00de540d8a65d4c7f93996ea8040e0f3e","0xad7b5e295a476c43f1fc3b7bb945030e9e9ffdc6","144.44289156216113947","0x55d398326f99059ff775485246999027b3197955","Binance-Peg BUSD-T","BUSD-T"
"0x638af9e4ac039f8424a9c9df87930eaec8865b7fad94a1259b8b1d42d84358d5","1619641132","2021-04-28 20:18:52","0xad7b5e295a476c43f1fc3b7bb945030e9e9ffdc6","0x625ba0e00de540d8a65d4c7f93996ea8040e0f3e","300","0x530e9346870e632a63e8d461bb3c3622e00782de","Wrapped Zero","wZER"
"0x173eddaafa6f01ede78c5e1ce8d18540a83f11f7312c0e00b258a7b5f54cd0db","1619655992","2021-04-29 00:26:32","0x680bb373b183ea2fd60c89fe33e1ead271822517","0xad7b5e295a476c43f1fc3b7bb945030e9e9ffdc6","500","0x530e9346870e632a63e8d461bb3c3622e00782de","Wrapped Zero","wZER"
"0x173eddaafa6f01ede78c5e1ce8d18540a83f11f7312c0e00b258a7b5f54cd0db","1619655992","2021-04-29 00:26:32","0xad7b5e295a476c43f1fc3b7bb945030e9e9ffdc6","0x680bb373b183ea2fd60c89fe33e1ead271822517","237.133732269763141726","0x55d398326f99059ff775485246999027b3197955","Binance-Peg BUSD-T","BUSD-T"
"0x0f7b101e696716dfedf1cf60a37eb6ac26cd22bd0cdb929ba14285c43b72b760","1619691033","2021-04-29 10:10:33","0x680bb373b183ea2fd60c89fe33e1ead271822517","0xad7b5e295a476c43f1fc3b7bb945030e9e9ffdc6","200","0x530e9346870e632a63e8d461bb3c3622e00782de","Wrapped Zero","wZER"
"0x0f7b101e696716dfedf1cf60a37eb6ac26cd22bd0cdb929ba14285c43b72b760","1619691033","2021-04-29 10:10:33","0xad7b5e295a476c43f1fc3b7bb945030e9e9ffdc6","0x7efaef62fddcca950418312c6c91aef321375a00","91.526660315767597421","0x55d398326f99059ff775485246999027b3197955","Binance-Peg BUSD-T","BUSD-T"
"0x58f83ee111262a0a5b33d5e5818126e5017f27eba52fed3f60c481a2206d1dd4","1619709202","2021-04-29 15:13:22","0x625ba0e00de540d8a65d4c7f93996ea8040e0f3e","0xad7b5e295a476c43f1fc3b7bb945030e9e9ffdc6","200","0x530e9346870e632a63e8d461bb3c3622e00782de","Wrapped Zero","wZER"
"0x58f83ee111262a0a5b33d5e5818126e5017f27eba52fed3f60c481a2206d1dd4","1619709202","2021-04-29 15:13:22","0xad7b5e295a476c43f1fc3b7bb945030e9e9ffdc6","0x625ba0e00de540d8a65d4c7f93996ea8040e0f3e","89.711475578019405109","0x55d398326f99059ff775485246999027b3197955","Binance-Peg BUSD-T","BUSD-T"
"0x2f42c646ee2697f84cfee50b0596874556ca73018d23ec76a82c9e034830338c","1619713715","2021-04-29 16:28:35","0xa6f51f8fb927759ed87d3132e410fbc9df648966","0xad7b5e295a476c43f1fc3b7bb945030e9e9ffdc6","3,014.101154269953454706","0x530e9346870e632a63e8d461bb3c3622e00782de","Wrapped Zero","wZER"
"0x2f42c646ee2697f84cfee50b0596874556ca73018d23ec76a82c9e034830338c","1619713715","2021-04-29 16:28:35","0xad7b5e295a476c43f1fc3b7bb945030e9e9ffdc6","0xa6f51f8fb927759ed87d3132e410fbc9df648966","1,164.736511308775706662","0x55d398326f99059ff775485246999027b3197955","Binance-Peg BUSD-T","BUSD-T"
"0xce104c5d125bef5ba1bbdb5072c3f4b3be3705f3d0c76d279ce507f3fdf14777","1619713718","2021-04-29 16:28:38","0xad7b5e295a476c43f1fc3b7bb945030e9e9ffdc6","0x11dfb7e7ba33ae6e5b29ad170178ee9c26b3f069","444.427350979710691175","0x530e9346870e632a63e8d461bb3c3622e00782de","Wrapped Zero","wZER"
"0xce104c5d125bef5ba1bbdb5072c3f4b3be3705f3d0c76d279ce507f3fdf14777","1619713718","2021-04-29 16:28:38","0x11dfb7e7ba33ae6e5b29ad170178ee9c26b3f069","0xad7b5e295a476c43f1fc3b7bb945030e9e9ffdc6","153.074955297298210511","0x55d398326f99059ff775485246999027b3197955","Binance-Peg BUSD-T","BUSD-T"
"0xb4256bb86bfe00406f1622228f6b5f75f4ae99cc1ab8ae391e952e854dd476d6","1619714726","2021-04-29 16:45:26","0x625ba0e00de540d8a65d4c7f93996ea8040e0f3e","0xad7b5e295a476c43f1fc3b7bb945030e9e9ffdc6","357.765350174878253544","0x55d398326f99059ff775485246999027b3197955","Binance-Peg BUSD-T","BUSD-T"
"0xb4256bb86bfe00406f1622228f6b5f75f4ae99cc1ab8ae391e952e854dd476d6","1619714726","2021-04-29 16:45:26","0xad7b5e295a476c43f1fc3b7bb945030e9e9ffdc6","0x625ba0e00de540d8a65d4c7f93996ea8040e0f3e","975","0x530e9346870e632a63e8d461bb3c3622e00782de","Wrapped Zero","wZER"
"0x3a46685c72a08e5abe4d523ab7692ad5392078d20df9ee11bc647abe3967d728","1619714726","2021-04-29 16:45:26","0xfb438dc206e3e29f83748ad1a785b83f43cde553","0xad7b5e295a476c43f1fc3b7bb945030e9e9ffdc6","120.617020974465309424","0x530e9346870e632a63e8d461bb3c3622e00782de","Wrapped Zero","wZER"
"0x3a46685c72a08e5abe4d523ab7692ad5392078d20df9ee11bc647abe3967d728","1619714726","2021-04-29 16:45:26","0xad7b5e295a476c43f1fc3b7bb945030e9e9ffdc6","0xfb438dc206e3e29f83748ad1a785b83f43cde553","45.764823829601149064","0x55d398326f99059ff775485246999027b3197955","Binance-Peg BUSD-T","BUSD-T"
"0xd1e0f5369dddc353c66d4550ccad3f95deedfb533c86cff3f34b64adaa83c416","1619715575","2021-04-29 16:59:35","0x625ba0e00de540d8a65d4c7f93996ea8040e0f3e","0xad7b5e295a476c43f1fc3b7bb945030e9e9ffdc6","154.516533244561569321","0x55d398326f99059ff775485246999027b3197955","Binance-Peg BUSD-T","BUSD-T"
"0xd1e0f5369dddc353c66d4550ccad3f95deedfb533c86cff3f34b64adaa83c416","1619715575","2021-04-29 16:59:35","0xad7b5e295a476c43f1fc3b7bb945030e9e9ffdc6","0x625ba0e00de540d8a65d4c7f93996ea8040e0f3e","400","0x530e9346870e632a63e8d461bb3c3622e00782de","Wrapped Zero","wZER"
"0x0a19e5b555cd4af7b2172931e162d7c81354c2732131416859584071348bcd19","1619717321","2021-04-29 17:28:41","0x000000a7f67982163a924821d5521ea129ae957e","0xad7b5e295a476c43f1fc3b7bb945030e9e9ffdc6","84.576464141970092728","0x530e9346870e632a63e8d461bb3c3622e00782de","Wrapped Zero","wZER"
"0x0a19e5b555cd4af7b2172931e162d7c81354c2732131416859584071348bcd19","1619717321","2021-04-29 17:28:41","0xad7b5e295a476c43f1fc3b7bb945030e9e9ffdc6","0x000000a7f67982163a924821d5521ea129ae957e","32.98578040011703989","0x55d398326f99059ff775485246999027b3197955","Binance-Peg BUSD-T","BUSD-T"
"0x500fcc700c2c9bf1d10d241da77c357bf07f9393e7a2c4413609f04acf075611","1619717321","2021-04-29 17:28:41","0x625ba0e00de540d8a65d4c7f93996ea8040e0f3e","0xad7b5e295a476c43f1fc3b7bb945030e9e9ffdc6","78.817677834435976778","0x55d398326f99059ff775485246999027b3197955","Binance-Peg BUSD-T","BUSD-T"
"0x500fcc700c2c9bf1d10d241da77c357bf07f9393e7a2c4413609f04acf075611","1619717321","2021-04-29 17:28:41","0xad7b5e295a476c43f1fc3b7bb945030e9e9ffdc6","0x625ba0e00de540d8a65d4c7f93996ea8040e0f3e","200","0x530e9346870e632a63e8d461bb3c3622e00782de","Wrapped Zero","wZER"
"0xccdcbb817d2dba2a0218f4065048bd7046e9566485cfe767a8f1297ba95e66de","1619719028","2021-04-29 17:57:08","0x625ba0e00de540d8a65d4c7f93996ea8040e0f3e","0xad7b5e295a476c43f1fc3b7bb945030e9e9ffdc6","72.538956261692524175","0x55d398326f99059ff775485246999027b3197955","Binance-Peg BUSD-T","BUSD-T"
"0xccdcbb817d2dba2a0218f4065048bd7046e9566485cfe767a8f1297ba95e66de","1619719028","2021-04-29 17:57:08","0xad7b5e295a476c43f1fc3b7bb945030e9e9ffdc6","0x625ba0e00de540d8a65d4c7f93996ea8040e0f3e","180.81","0x530e9346870e632a63e8d461bb3c3622e00782de","Wrapped Zero","wZER"
"0xf4b77f56d3499ccc4c9eed8b4c867fed92419ec7d503ccd3af78f5e6effd73f4","1619726176","2021-04-29 19:56:16","0x045eee0b7c7768a4f5448fdec2e0c7e56990ca8e","0xad7b5e295a476c43f1fc3b7bb945030e9e9ffdc6","104.691388554058595548","0xad7b5e295a476c43f1fc3b7bb945030e9e9ffdc6","Pancake LPs","Cake-LP"
"0xf4b77f56d3499ccc4c9eed8b4c867fed92419ec7d503ccd3af78f5e6effd73f4","1619726176","2021-04-29 19:56:16","0xad7b5e295a476c43f1fc3b7bb945030e9e9ffdc6","0x0000000000000000000000000000000000000000","104.691388554058595548","0xad7b5e295a476c43f1fc3b7bb945030e9e9ffdc6","Pancake LPs","Cake-LP"
"0xf4b77f56d3499ccc4c9eed8b4c867fed92419ec7d503ccd3af78f5e6effd73f4","1619726176","2021-04-29 19:56:16","0xad7b5e295a476c43f1fc3b7bb945030e9e9ffdc6","0x045eee0b7c7768a4f5448fdec2e0c7e56990ca8e","164.923159356105744667","0x530e9346870e632a63e8d461bb3c3622e00782de","Wrapped Zero","wZER"
"0xf4b77f56d3499ccc4c9eed8b4c867fed92419ec7d503ccd3af78f5e6effd73f4","1619726176","2021-04-29 19:56:16","0xad7b5e295a476c43f1fc3b7bb945030e9e9ffdc6","0x045eee0b7c7768a4f5448fdec2e0c7e56990ca8e","66.565203091519574532","0x55d398326f99059ff775485246999027b3197955","Binance-Peg BUSD-T","BUSD-T"
"0xd06f789ec5c4276adfe2c87f1e253eb2fcebfc593c98a0f6b7a6e5d11a26419c","1619726203","2021-04-29 19:56:43","0x045eee0b7c7768a4f5448fdec2e0c7e56990ca8e","0xad7b5e295a476c43f1fc3b7bb945030e9e9ffdc6","169.795337509479192171","0x530e9346870e632a63e8d461bb3c3622e00782de","Wrapped Zero","wZER"
"0xd06f789ec5c4276adfe2c87f1e253eb2fcebfc593c98a0f6b7a6e5d11a26419c","1619726203","2021-04-29 19:56:43","0xad7b5e295a476c43f1fc3b7bb945030e9e9ffdc6","0x045eee0b7c7768a4f5448fdec2e0c7e56990ca8e","67.813378507076195878","0x55d398326f99059ff775485246999027b3197955","Binance-Peg BUSD-T","BUSD-T"
"0x4b70021c1f9389c53707a19abccc3b1a616605b9e79d93dbe04e5b92ea4a0987","1619727230","2021-04-29 20:13:50","0x625ba0e00de540d8a65d4c7f93996ea8040e0f3e","0xad7b5e295a476c43f1fc3b7bb945030e9e9ffdc6","80.393133149142994989","0x55d398326f99059ff775485246999027b3197955","Binance-Peg BUSD-T","BUSD-T"
"0x4b70021c1f9389c53707a19abccc3b1a616605b9e79d93dbe04e5b92ea4a0987","1619727230","2021-04-29 20:13:50","0xad7b5e295a476c43f1fc3b7bb945030e9e9ffdc6","0x625ba0e00de540d8a65d4c7f93996ea8040e0f3e","200","0x530e9346870e632a63e8d461bb3c3622e00782de","Wrapped Zero","wZER"
"0x0b47e779a1458563f4c358dc2924b3fe306c33d8a9bb669f8c654975dd8157df","1619727856","2021-04-29 20:24:16","0x625ba0e00de540d8a65d4c7f93996ea8040e0f3e","0xad7b5e295a476c43f1fc3b7bb945030e9e9ffdc6","123.509882236966220973","0x55d398326f99059ff775485246999027b3197955","Binance-Peg BUSD-T","BUSD-T"
"0x0b47e779a1458563f4c358dc2924b3fe306c33d8a9bb669f8c654975dd8157df","1619727856","2021-04-29 20:24:16","0xad7b5e295a476c43f1fc3b7bb945030e9e9ffdc6","0x625ba0e00de540d8a65d4c7f93996ea8040e0f3e","300","0x530e9346870e632a63e8d461bb3c3622e00782de","Wrapped Zero","wZER"
"0xc3cce614efeace1bbd9952335d689c67332fea43676bdab5afcfd4f16f410cc8","1619733810","2021-04-29 22:03:30","0x625ba0e00de540d8a65d4c7f93996ea8040e0f3e","0xad7b5e295a476c43f1fc3b7bb945030e9e9ffdc6","84.354344283650202982","0x55d398326f99059ff775485246999027b3197955","Binance-Peg BUSD-T","BUSD-T"
"0xc3cce614efeace1bbd9952335d689c67332fea43676bdab5afcfd4f16f410cc8","1619733810","2021-04-29 22:03:30","0xad7b5e295a476c43f1fc3b7bb945030e9e9ffdc6","0x625ba0e00de540d8a65d4c7f93996ea8040e0f3e","200","0x530e9346870e632a63e8d461bb3c3622e00782de","Wrapped Zero","wZER"
"0x15fbfb00f4fc5c7debbabf8b637438d9bc4caa9d57d0cfe6673071503d81a90b","1619733816","2021-04-29 22:03:36","0xfb438dc206e3e29f83748ad1a785b83f43cde553","0xad7b5e295a476c43f1fc3b7bb945030e9e9ffdc6","99.132105946329472897","0x530e9346870e632a63e8d461bb3c3622e00782de","Wrapped Zero","wZER"
"0x15fbfb00f4fc5c7debbabf8b637438d9bc4caa9d57d0cfe6673071503d81a90b","1619733816","2021-04-29 22:03:36","0xad7b5e295a476c43f1fc3b7bb945030e9e9ffdc6","0xfb438dc206e3e29f83748ad1a785b83f43cde553","41.807870399208396131","0x55d398326f99059ff775485246999027b3197955","Binance-Peg BUSD-T","BUSD-T"
"0xfccc3235519623af2c97a4bd2a8b70489b6965e48f5c878356f5a36a908ab09d","1619735562","2021-04-29 22:32:42","0x625ba0e00de540d8a65d4c7f93996ea8040e0f3e","0xad7b5e295a476c43f1fc3b7bb945030e9e9ffdc6","85.190936801105706165","0x55d398326f99059ff775485246999027b3197955","Binance-Peg BUSD-T","BUSD-T"
"0xfccc3235519623af2c97a4bd2a8b70489b6965e48f5c878356f5a36a908ab09d","1619735562","2021-04-29 22:32:42","0xad7b5e295a476c43f1fc3b7bb945030e9e9ffdc6","0x625ba0e00de540d8a65d4c7f93996ea8040e0f3e","200","0x530e9346870e632a63e8d461bb3c3622e00782de","Wrapped Zero","wZER"
"0x582dfa3d78e1e548e80326390cc110b0e3be6bd6d37db0a39809af8948cda63e","1619749861","2021-04-30 02:31:01","0x625ba0e00de540d8a65d4c7f93996ea8040e0f3e","0xad7b5e295a476c43f1fc3b7bb945030e9e9ffdc6","86.882725127038529347","0x55d398326f99059ff775485246999027b3197955","Binance-Peg BUSD-T","BUSD-T"
"0x582dfa3d78e1e548e80326390cc110b0e3be6bd6d37db0a39809af8948cda63e","1619749861","2021-04-30 02:31:01","0xad7b5e295a476c43f1fc3b7bb945030e9e9ffdc6","0x625ba0e00de540d8a65d4c7f93996ea8040e0f3e","200","0x530e9346870e632a63e8d461bb3c3622e00782de","Wrapped Zero","wZER"
"0xeaee53dc37859d7046c4b47af3eaab9e39cba8f96f450be8bb5940c399e3f172","1619752146","2021-04-30 03:09:06","0x2f9b1a144db2ca36771e56b2e66043d3b2da4913","0xad7b5e295a476c43f1fc3b7bb945030e9e9ffdc6","10","0x530e9346870e632a63e8d461bb3c3622e00782de","Wrapped Zero","wZER"
"0xeaee53dc37859d7046c4b47af3eaab9e39cba8f96f450be8bb5940c399e3f172","1619752146","2021-04-30 03:09:06","0xad7b5e295a476c43f1fc3b7bb945030e9e9ffdc6","0x16b9a82891338f9ba80e2d6970fdda79d1eb0dae","4.363257563449020033","0x55d398326f99059ff775485246999027b3197955","Binance-Peg BUSD-T","BUSD-T"
"0x9337529e078968a0a411b399ab8cc49709807200bc0c3e665edd071521792d5e","1619772283","2021-04-30 08:44:43","0xa6f51f8fb927759ed87d3132e410fbc9df648966","0xad7b5e295a476c43f1fc3b7bb945030e9e9ffdc6","3,000","0x530e9346870e632a63e8d461bb3c3622e00782de","Wrapped Zero","wZER"
"0x9337529e078968a0a411b399ab8cc49709807200bc0c3e665edd071521792d5e","1619772283","2021-04-30 08:44:43","0xad7b5e295a476c43f1fc3b7bb945030e9e9ffdc6","0xa6f51f8fb927759ed87d3132e410fbc9df648966","1,139.35229367560883422","0x55d398326f99059ff775485246999027b3197955","Binance-Peg BUSD-T","BUSD-T"
"0xdd4a4b9f602a392dcd74a5bf1e117797f600f75a368a42b23dab5436e151f1c0","1619772283","2021-04-30 08:44:43","0xad7b5e295a476c43f1fc3b7bb945030e9e9ffdc6","0xfb438dc206e3e29f83748ad1a785b83f43cde553","350.209317317601595268","0x530e9346870e632a63e8d461bb3c3622e00782de","Wrapped Zero","wZER"
"0xdd4a4b9f602a392dcd74a5bf1e117797f600f75a368a42b23dab5436e151f1c0","1619772283","2021-04-30 08:44:43","0xfb438dc206e3e29f83748ad1a785b83f43cde553","0xad7b5e295a476c43f1fc3b7bb945030e9e9ffdc6","118.15485075639523","0x55d398326f99059ff775485246999027b3197955","Binance-Peg BUSD-T","BUSD-T"
"0xb4971693e8393d438ff5c905114ca6e842d8c93cbda5bfe586d3871011c583ab","1619790899","2021-04-30 13:54:59","0x625ba0e00de540d8a65d4c7f93996ea8040e0f3e","0xad7b5e295a476c43f1fc3b7bb945030e9e9ffdc6","175.122077379987487961","0x55d398326f99059ff775485246999027b3197955","Binance-Peg BUSD-T","BUSD-T"
"0xb4971693e8393d438ff5c905114ca6e842d8c93cbda5bfe586d3871011c583ab","1619790899","2021-04-30 13:54:59","0xad7b5e295a476c43f1fc3b7bb945030e9e9ffdc6","0x625ba0e00de540d8a65d4c7f93996ea8040e0f3e","500","0x530e9346870e632a63e8d461bb3c3622e00782de","Wrapped Zero","wZER"
"0x8af3b2c275bb5653f773536e32f11a614b7354f98957a4f5067e8cf37e8e02fe","1619790983","2021-04-30 13:56:23","0x625ba0e00de540d8a65d4c7f93996ea8040e0f3e","0xad7b5e295a476c43f1fc3b7bb945030e9e9ffdc6","277.915966852036442778","0x55d398326f99059ff775485246999027b3197955","Binance-Peg BUSD-T","BUSD-T"
"0x8af3b2c275bb5653f773536e32f11a614b7354f98957a4f5067e8cf37e8e02fe","1619790983","2021-04-30 13:56:23","0xad7b5e295a476c43f1fc3b7bb945030e9e9ffdc6","0x625ba0e00de540d8a65d4c7f93996ea8040e0f3e","750","0x530e9346870e632a63e8d461bb3c3622e00782de","Wrapped Zero","wZER"
"0x72acc7c197ec1ade913c1d51cdfe893b95cc17602fd0a82d05dd3d917ce25cd2","1619790989","2021-04-30 13:56:29","0xb374394aee78d2f42926b9eb040e248ee2ea67ec","0xad7b5e295a476c43f1fc3b7bb945030e9e9ffdc6","156.212986217066592284","0x530e9346870e632a63e8d461bb3c3622e00782de","Wrapped Zero","wZER"
"0x72acc7c197ec1ade913c1d51cdfe893b95cc17602fd0a82d05dd3d917ce25cd2","1619790989","2021-04-30 13:56:29","0xad7b5e295a476c43f1fc3b7bb945030e9e9ffdc6","0x864b5f747bdf89ed1a4e66a83eabb7d4d609f769","59.176032677739775358","0x55d398326f99059ff775485246999027b3197955","Binance-Peg BUSD-T","BUSD-T"
"0xb960b5f3bbc8764c4afa71bc19cf834e27ab205a0009a50dede513cfad766117","1619792169","2021-04-30 14:16:09","0x625ba0e00de540d8a65d4c7f93996ea8040e0f3e","0xad7b5e295a476c43f1fc3b7bb945030e9e9ffdc6","134.458728568819447842","0x55d398326f99059ff775485246999027b3197955","Binance-Peg BUSD-T","BUSD-T"
"0xb960b5f3bbc8764c4afa71bc19cf834e27ab205a0009a50dede513cfad766117","1619792169","2021-04-30 14:16:09","0xad7b5e295a476c43f1fc3b7bb945030e9e9ffdc6","0x625ba0e00de540d8a65d4c7f93996ea8040e0f3e","350","0x530e9346870e632a63e8d461bb3c3622e00782de","Wrapped Zero","wZER"
"0x185f1ae2b6523661dbdaae2f3e1843bd4c49165d78482e9f0ce1fcea155582ca","1619793160","2021-04-30 14:32:40","0x000000a7f67982163a924821d5521ea129ae957e","0xad7b5e295a476c43f1fc3b7bb945030e9e9ffdc6","81.422706958725180468","0x530e9346870e632a63e8d461bb3c3622e00782de","Wrapped Zero","wZER"
"0x185f1ae2b6523661dbdaae2f3e1843bd4c49165d78482e9f0ce1fcea155582ca","1619793160","2021-04-30 14:32:40","0xad7b5e295a476c43f1fc3b7bb945030e9e9ffdc6","0x000000a7f67982163a924821d5521ea129ae957e","31.514781425126793748","0x55d398326f99059ff775485246999027b3197955","Binance-Peg BUSD-T","BUSD-T"
"0xb86001e4d4ec70bd32140001972a5e7f48fd55679dc6c31a748d028d4daec75e","1619793160","2021-04-30 14:32:40","0x625ba0e00de540d8a65d4c7f93996ea8040e0f3e","0xad7b5e295a476c43f1fc3b7bb945030e9e9ffdc6","78.232630985504442291","0x55d398326f99059ff775485246999027b3197955","Binance-Peg BUSD-T","BUSD-T"
"0xb86001e4d4ec70bd32140001972a5e7f48fd55679dc6c31a748d028d4daec75e","1619793160","2021-04-30 14:32:40","0xad7b5e295a476c43f1fc3b7bb945030e9e9ffdc6","0x625ba0e00de540d8a65d4c7f93996ea8040e0f3e","200","0x530e9346870e632a63e8d461bb3c3622e00782de","Wrapped Zero","wZER"
"0xc576f1744ba10b28acc3be4374c54669ea910f3451da2788bfacbd19a65b6025","1619794484","2021-04-30 14:54:44","0x625ba0e00de540d8a65d4c7f93996ea8040e0f3e","0xad7b5e295a476c43f1fc3b7bb945030e9e9ffdc6","79.72004767805153854","0x55d398326f99059ff775485246999027b3197955","Binance-Peg BUSD-T","BUSD-T"
"0xc576f1744ba10b28acc3be4374c54669ea910f3451da2788bfacbd19a65b6025","1619794484","2021-04-30 14:54:44","0xad7b5e295a476c43f1fc3b7bb945030e9e9ffdc6","0x625ba0e00de540d8a65d4c7f93996ea8040e0f3e","200","0x530e9346870e632a63e8d461bb3c3622e00782de","Wrapped Zero","wZER"
"0x73bd76c8261b650a603739d386b50b5d297dd89584fdaf9bcbbc3e1a398f1fa2","1619794544","2021-04-30 14:55:44","0x625ba0e00de540d8a65d4c7f93996ea8040e0f3e","0xad7b5e295a476c43f1fc3b7bb945030e9e9ffdc6","81.250272918980787362","0x55d398326f99059ff775485246999027b3197955","Binance-Peg BUSD-T","BUSD-T"
"0x73bd76c8261b650a603739d386b50b5d297dd89584fdaf9bcbbc3e1a398f1fa2","1619794544","2021-04-30 14:55:44","0xad7b5e295a476c43f1fc3b7bb945030e9e9ffdc6","0x625ba0e00de540d8a65d4c7f93996ea8040e0f3e","200","0x530e9346870e632a63e8d461bb3c3622e00782de","Wrapped Zero","wZER"
"0x3b04e79f9202e64f99be9f1fdf3ecca74e9e790212df172e256155e3dab3ec78","1619810496","2021-04-30 19:21:36","0x000000a7f67982163a924821d5521ea129ae957e","0xad7b5e295a476c43f1fc3b7bb945030e9e9ffdc6","83.908955838492935579","0x530e9346870e632a63e8d461bb3c3622e00782de","Wrapped Zero","wZER"
"0x3b04e79f9202e64f99be9f1fdf3ecca74e9e790212df172e256155e3dab3ec78","1619810496","2021-04-30 19:21:36","0xad7b5e295a476c43f1fc3b7bb945030e9e9ffdc6","0x000000a7f67982163a924821d5521ea129ae957e","34.10701468775356847","0x55d398326f99059ff775485246999027b3197955","Binance-Peg BUSD-T","BUSD-T"
"0xbc66f378b32c203a9166bd5c8d401c532414b6acc8ba3bfbcf020cbb37e1ea1c","1619810496","2021-04-30 19:21:36","0x625ba0e00de540d8a65d4c7f93996ea8040e0f3e","0xad7b5e295a476c43f1fc3b7bb945030e9e9ffdc6","82.160432239582483724","0x55d398326f99059ff775485246999027b3197955","Binance-Peg BUSD-T","BUSD-T"
"0xbc66f378b32c203a9166bd5c8d401c532414b6acc8ba3bfbcf020cbb37e1ea1c","1619810496","2021-04-30 19:21:36","0xad7b5e295a476c43f1fc3b7bb945030e9e9ffdc6","0x625ba0e00de540d8a65d4c7f93996ea8040e0f3e","200","0x530e9346870e632a63e8d461bb3c3622e00782de","Wrapped Zero","wZER"
"0xa628e2dc90af26576e69ad7812251dedff5863cd0388481a58fd3bf18df1ce91","1619817435","2021-04-30 21:17:15","0x36fa7867acdac2de02a98e8783e513a2eb2960de","0xad7b5e295a476c43f1fc3b7bb945030e9e9ffdc6","50","0x530e9346870e632a63e8d461bb3c3622e00782de","Wrapped Zero","wZER"
"0xa628e2dc90af26576e69ad7812251dedff5863cd0388481a58fd3bf18df1ce91","1619817435","2021-04-30 21:17:15","0xad7b5e295a476c43f1fc3b7bb945030e9e9ffdc6","0x16b9a82891338f9ba80e2d6970fdda79d1eb0dae","20.585546758238288715","0x55d398326f99059ff775485246999027b3197955","Binance-Peg BUSD-T","BUSD-T"
"0x6d87d784ad615272f3f599aabc2635c176b12380694ba194a15175d592d4463d","1619835403","2021-05-01 02:16:43","0xfe088062197ebe057a9603895ef63879a89cd5ed","0xad7b5e295a476c43f1fc3b7bb945030e9e9ffdc6","131.779012669350469015","0x530e9346870e632a63e8d461bb3c3622e00782de","Wrapped Zero","wZER"
"0x6d87d784ad615272f3f599aabc2635c176b12380694ba194a15175d592d4463d","1619835403","2021-05-01 02:16:43","0xad7b5e295a476c43f1fc3b7bb945030e9e9ffdc6","0x16b9a82891338f9ba80e2d6970fdda79d1eb0dae","53.784511536070360693","0x55d398326f99059ff775485246999027b3197955","Binance-Peg BUSD-T","BUSD-T"
"0x64174f82fdb91926c5a1dc3105939f2aa259f1ad6b82fbeef3ae5816be9f304e","1619836726","2021-05-01 02:38:46","0x625ba0e00de540d8a65d4c7f93996ea8040e0f3e","0xad7b5e295a476c43f1fc3b7bb945030e9e9ffdc6","82.307993207871734686","0x55d398326f99059ff775485246999027b3197955","Binance-Peg BUSD-T","BUSD-T"
"0x64174f82fdb91926c5a1dc3105939f2aa259f1ad6b82fbeef3ae5816be9f304e","1619836726","2021-05-01 02:38:46","0xad7b5e295a476c43f1fc3b7bb945030e9e9ffdc6","0x625ba0e00de540d8a65d4c7f93996ea8040e0f3e","200","0x530e9346870e632a63e8d461bb3c3622e00782de","Wrapped Zero","wZER"
"0xe36e867a024f575fe6d2b291e136b6cb8395a417751729300a0acc628fce9b20","1619842510","2021-05-01 04:15:10","0x625ba0e00de540d8a65d4c7f93996ea8040e0f3e","0xad7b5e295a476c43f1fc3b7bb945030e9e9ffdc6","45.818176694285571159","0x55d398326f99059ff775485246999027b3197955","Binance-Peg BUSD-T","BUSD-T"
"0xe36e867a024f575fe6d2b291e136b6cb8395a417751729300a0acc628fce9b20","1619842510","2021-05-01 04:15:10","0xad7b5e295a476c43f1fc3b7bb945030e9e9ffdc6","0x625ba0e00de540d8a65d4c7f93996ea8040e0f3e","109.68359112","0x530e9346870e632a63e8d461bb3c3622e00782de","Wrapped Zero","wZER"
"0x61ea233df245e7cf8efaafe36df994d0aa0904eea79575bfdb475a5da84f1d31","1619852999","2021-05-01 07:09:59","0xf382ece6ae00ef5e75d75870e961bcf92ab152b8","0xad7b5e295a476c43f1fc3b7bb945030e9e9ffdc6","474.596846148956837993","0x530e9346870e632a63e8d461bb3c3622e00782de","Wrapped Zero","wZER"
"0x61ea233df245e7cf8efaafe36df994d0aa0904eea79575bfdb475a5da84f1d31","1619852999","2021-05-01 07:09:59","0xad7b5e295a476c43f1fc3b7bb945030e9e9ffdc6","0xf382ece6ae00ef5e75d75870e961bcf92ab152b8","193.864706187780028062","0x55d398326f99059ff775485246999027b3197955","Binance-Peg BUSD-T","BUSD-T"
"0xa168459c808edee32e45744e45cf6f76612d20701738dbcd122559c3e821703a","1619853182","2021-05-01 07:13:02","0xf382ece6ae00ef5e75d75870e961bcf92ab152b8","0xad7b5e295a476c43f1fc3b7bb945030e9e9ffdc6","190","0x55d398326f99059ff775485246999027b3197955","Binance-Peg BUSD-T","BUSD-T"
"0xa168459c808edee32e45744e45cf6f76612d20701738dbcd122559c3e821703a","1619853182","2021-05-01 07:13:02","0xad7b5e295a476c43f1fc3b7bb945030e9e9ffdc6","0xf382ece6ae00ef5e75d75870e961bcf92ab152b8","463.071624752794223768","0x530e9346870e632a63e8d461bb3c3622e00782de","Wrapped Zero","wZER"
"0x87dc70d08b2ed3525b86a6484d3eeabac885e63977deae6944fc0cf28a8e07a6","1619853224","2021-05-01 07:13:44","0xf382ece6ae00ef5e75d75870e961bcf92ab152b8","0xad7b5e295a476c43f1fc3b7bb945030e9e9ffdc6","463.071624752794223768","0x530e9346870e632a63e8d461bb3c3622e00782de","Wrapped Zero","wZER"
"0x87dc70d08b2ed3525b86a6484d3eeabac885e63977deae6944fc0cf28a8e07a6","1619853224","2021-05-01 07:13:44","0xf382ece6ae00ef5e75d75870e961bcf92ab152b8","0xad7b5e295a476c43f1fc3b7bb945030e9e9ffdc6","193.789338207228429553","0x55d398326f99059ff775485246999027b3197955","Binance-Peg BUSD-T","BUSD-T"
"0x4241cb84465baac73c7c67758dc1ef400156d0a1ca04091d226d52ea22675f54","1619860364","2021-05-01 09:12:44","0xa6f51f8fb927759ed87d3132e410fbc9df648966","0xad7b5e295a476c43f1fc3b7bb945030e9e9ffdc6","2,120","0x530e9346870e632a63e8d461bb3c3622e00782de","Wrapped Zero","wZER"
"0x4241cb84465baac73c7c67758dc1ef400156d0a1ca04091d226d52ea22675f54","1619860364","2021-05-01 09:12:44","0xad7b5e295a476c43f1fc3b7bb945030e9e9ffdc6","0xa6f51f8fb927759ed87d3132e410fbc9df648966","804.343203121521049461","0x55d398326f99059ff775485246999027b3197955","Binance-Peg BUSD-T","BUSD-T"
"0xc87e60a862722928359e54cbc4265e4d3736dbd407cfb2c3deb4ddaad3f51d8e","1619860364","2021-05-01 09:12:44","0xad7b5e295a476c43f1fc3b7bb945030e9e9ffdc6","0x11dfb7e7ba33ae6e5b29ad170178ee9c26b3f069","174.393790635763573076","0x530e9346870e632a63e8d461bb3c3622e00782de","Wrapped Zero","wZER"
"0xc87e60a862722928359e54cbc4265e4d3736dbd407cfb2c3deb4ddaad3f51d8e","1619860364","2021-05-01 09:12:44","0x11dfb7e7ba33ae6e5b29ad170178ee9c26b3f069","0xad7b5e295a476c43f1fc3b7bb945030e9e9ffdc6","60.88316539690260225","0x55d398326f99059ff775485246999027b3197955","Binance-Peg BUSD-T","BUSD-T"
"0x558742c696d6d7568f5bbec6e74703f0b5e0b8fb4a20377c348eeb08072588a9","1619873526","2021-05-01 12:52:06","0x625ba0e00de540d8a65d4c7f93996ea8040e0f3e","0xad7b5e295a476c43f1fc3b7bb945030e9e9ffdc6","281.351116132667696805","0x55d398326f99059ff775485246999027b3197955","Binance-Peg BUSD-T","BUSD-T"
"0x558742c696d6d7568f5bbec6e74703f0b5e0b8fb4a20377c348eeb08072588a9","1619873526","2021-05-01 12:52:06","0xad7b5e295a476c43f1fc3b7bb945030e9e9ffdc6","0x625ba0e00de540d8a65d4c7f93996ea8040e0f3e","773","0x530e9346870e632a63e8d461bb3c3622e00782de","Wrapped Zero","wZER"
"0x81e7f7e5f9b5de11e62bb0b580160718882de906a0eba7340cde80646dfa800a","1619874720","2021-05-01 13:12:00","0x625ba0e00de540d8a65d4c7f93996ea8040e0f3e","0xad7b5e295a476c43f1fc3b7bb945030e9e9ffdc6","192.645273005377466403","0x55d398326f99059ff775485246999027b3197955","Binance-Peg BUSD-T","BUSD-T"
"0x81e7f7e5f9b5de11e62bb0b580160718882de906a0eba7340cde80646dfa800a","1619874720","2021-05-01 13:12:00","0xad7b5e295a476c43f1fc3b7bb945030e9e9ffdc6","0x625ba0e00de540d8a65d4c7f93996ea8040e0f3e","500","0x530e9346870e632a63e8d461bb3c3622e00782de","Wrapped Zero","wZER"
"0xbee917d597a9a330264b0ee8b74643c1ab9a0272ec18d3728d5652e682f1599c","1619874720","2021-05-01 13:12:00","0x9f792260f6a9341849ccb2430b58527930df7d39","0xad7b5e295a476c43f1fc3b7bb945030e9e9ffdc6","108.100541668492938486","0x530e9346870e632a63e8d461bb3c3622e00782de","Wrapped Zero","wZER"
"0xbee917d597a9a330264b0ee8b74643c1ab9a0272ec18d3728d5652e682f1599c","1619874720","2021-05-01 13:12:00","0xad7b5e295a476c43f1fc3b7bb945030e9e9ffdc6","0x9f792260f6a9341849ccb2430b58527930df7d39","42.187433373655167758","0x55d398326f99059ff775485246999027b3197955","Binance-Peg BUSD-T","BUSD-T"
"0x1d9c5a9bfbf275ccadce36c6abf04074db34c0b0551852cce91903a777d6aa8e","1619876670","2021-05-01 13:44:30","0x625ba0e00de540d8a65d4c7f93996ea8040e0f3e","0xad7b5e295a476c43f1fc3b7bb945030e9e9ffdc6","78.776518793557085273","0x55d398326f99059ff775485246999027b3197955","Binance-Peg BUSD-T","BUSD-T"
"0x1d9c5a9bfbf275ccadce36c6abf04074db34c0b0551852cce91903a777d6aa8e","1619876670","2021-05-01 13:44:30","0xad7b5e295a476c43f1fc3b7bb945030e9e9ffdc6","0x625ba0e00de540d8a65d4c7f93996ea8040e0f3e","200","0x530e9346870e632a63e8d461bb3c3622e00782de","Wrapped Zero","wZER"
"0x75512e6cea1740f137f202ac5f7970079ff56ee0fc6bbd4e9eaedd969e0a47e0","1619884775","2021-05-01 15:59:35","0x16b9a82891338f9ba80e2d6970fdda79d1eb0dae","0xad7b5e295a476c43f1fc3b7bb945030e9e9ffdc6","9.267627575241670071","0x55d398326f99059ff775485246999027b3197955","Binance-Peg BUSD-T","BUSD-T"
"0x75512e6cea1740f137f202ac5f7970079ff56ee0fc6bbd4e9eaedd969e0a47e0","1619884775","2021-05-01 15:59:35","0xad7b5e295a476c43f1fc3b7bb945030e9e9ffdc6","0xe45a989f4f768ffd1ec7e40b23930bbc08806bee","23.28821775932171585","0x530e9346870e632a63e8d461bb3c3622e00782de","Wrapped Zero","wZER"
"0x6f1e24bd8eec441052caea57a4b485e972ff521c470e389a296794aa0ed63820","1619992586","2021-05-02 21:56:26","0x680bb373b183ea2fd60c89fe33e1ead271822517","0xad7b5e295a476c43f1fc3b7bb945030e9e9ffdc6","400","0x530e9346870e632a63e8d461bb3c3622e00782de","Wrapped Zero","wZER"
"0x6f1e24bd8eec441052caea57a4b485e972ff521c470e389a296794aa0ed63820","1619992586","2021-05-02 21:56:26","0xad7b5e295a476c43f1fc3b7bb945030e9e9ffdc6","0x680bb373b183ea2fd60c89fe33e1ead271822517","155.688376896818351602","0x55d398326f99059ff775485246999027b3197955","Binance-Peg BUSD-T","BUSD-T"
"0xba9ed403e1a22c8955dc17a37ca5da4a92a8143da44968b3ed1b5b0b8bd9190e","1619992634","2021-05-02 21:57:14","0x680bb373b183ea2fd60c89fe33e1ead271822517","0xad7b5e295a476c43f1fc3b7bb945030e9e9ffdc6","500","0x530e9346870e632a63e8d461bb3c3622e00782de","Wrapped Zero","wZER"
"0xba9ed403e1a22c8955dc17a37ca5da4a92a8143da44968b3ed1b5b0b8bd9190e","1619992634","2021-05-02 21:57:14","0xad7b5e295a476c43f1fc3b7bb945030e9e9ffdc6","0xec6557348085aa57c72514d67070dc863c0a5a8c","186.854670677622713585","0x55d398326f99059ff775485246999027b3197955","Binance-Peg BUSD-T","BUSD-T"
"0xef4db22dc5ed8b1cd8345316946829a8768dc0986662c82a5fa3a6e20e4b17ed","1619992712","2021-05-02 21:58:32","0x680bb373b183ea2fd60c89fe33e1ead271822517","0xad7b5e295a476c43f1fc3b7bb945030e9e9ffdc6","300","0x530e9346870e632a63e8d461bb3c3622e00782de","Wrapped Zero","wZER"
"0xef4db22dc5ed8b1cd8345316946829a8768dc0986662c82a5fa3a6e20e4b17ed","1619992712","2021-05-02 21:58:32","0xad7b5e295a476c43f1fc3b7bb945030e9e9ffdc6","0x7efaef62fddcca950418312c6c91aef321375a00","108.191677915342021937","0x55d398326f99059ff775485246999027b3197955","Binance-Peg BUSD-T","BUSD-T"
"0x7c4bc4787990fe1d8d4dfc43cd28182e24a554b4104c5b4b6b76364dda55effd","1619992856","2021-05-02 22:00:56","0x625ba0e00de540d8a65d4c7f93996ea8040e0f3e","0xad7b5e295a476c43f1fc3b7bb945030e9e9ffdc6","72.169779025493096751","0x55d398326f99059ff775485246999027b3197955","Binance-Peg BUSD-T","BUSD-T"
"0x7c4bc4787990fe1d8d4dfc43cd28182e24a554b4104c5b4b6b76364dda55effd","1619992856","2021-05-02 22:00:56","0xad7b5e295a476c43f1fc3b7bb945030e9e9ffdc6","0x625ba0e00de540d8a65d4c7f93996ea8040e0f3e","200","0x530e9346870e632a63e8d461bb3c3622e00782de","Wrapped Zero","wZER"
"0xdc32a96113ceb74d3c5d2c71afbbbbf7fbdd7b57c8c7486bfdd0da703b280c6f","1619992940","2021-05-02 22:02:20","0x16b9a82891338f9ba80e2d6970fdda79d1eb0dae","0xad7b5e295a476c43f1fc3b7bb945030e9e9ffdc6","73.457099431320439688","0x55d398326f99059ff775485246999027b3197955","Binance-Peg BUSD-T","BUSD-T"
"0xdc32a96113ceb74d3c5d2c71afbbbbf7fbdd7b57c8c7486bfdd0da703b280c6f","1619992940","2021-05-02 22:02:20","0xad7b5e295a476c43f1fc3b7bb945030e9e9ffdc6","0x79ad5f9260a0cead1fcc9d95cb64f18c4fd9f6f7","200","0x530e9346870e632a63e8d461bb3c3622e00782de","Wrapped Zero","wZER"
"0x2e670d5e0c62b28c3ef2f9eb27084e841374b25c37a3722c2212d4cd32ae1ae9","1619993151","2021-05-02 22:05:51","0x625ba0e00de540d8a65d4c7f93996ea8040e0f3e","0xad7b5e295a476c43f1fc3b7bb945030e9e9ffdc6","74.779158555736904512","0x55d398326f99059ff775485246999027b3197955","Binance-Peg BUSD-T","BUSD-T"
"0x2e670d5e0c62b28c3ef2f9eb27084e841374b25c37a3722c2212d4cd32ae1ae9","1619993151","2021-05-02 22:05:51","0xad7b5e295a476c43f1fc3b7bb945030e9e9ffdc6","0x625ba0e00de540d8a65d4c7f93996ea8040e0f3e","200","0x530e9346870e632a63e8d461bb3c3622e00782de","Wrapped Zero","wZER"
"0xbbe3789789d909f2fda127112d9beb9b596e72d9338cbdcf910037293532a7b6","1619993304","2021-05-02 22:08:24","0x625ba0e00de540d8a65d4c7f93996ea8040e0f3e","0xad7b5e295a476c43f1fc3b7bb945030e9e9ffdc6","76.137217383800311335","0x55d398326f99059ff775485246999027b3197955","Binance-Peg BUSD-T","BUSD-T"
"0xbbe3789789d909f2fda127112d9beb9b596e72d9338cbdcf910037293532a7b6","1619993304","2021-05-02 22:08:24","0xad7b5e295a476c43f1fc3b7bb945030e9e9ffdc6","0x625ba0e00de540d8a65d4c7f93996ea8040e0f3e","200","0x530e9346870e632a63e8d461bb3c3622e00782de","Wrapped Zero","wZER"
"0xcadfce03bec5d88df4cbf6bb3caee0adb5c3831af2d60f23de7409a495e10ebe","1619996805","2021-05-02 23:06:45","0x625ba0e00de540d8a65d4c7f93996ea8040e0f3e","0xad7b5e295a476c43f1fc3b7bb945030e9e9ffdc6","77.532594632798767457","0x55d398326f99059ff775485246999027b3197955","Binance-Peg BUSD-T","BUSD-T"
"0xcadfce03bec5d88df4cbf6bb3caee0adb5c3831af2d60f23de7409a495e10ebe","1619996805","2021-05-02 23:06:45","0xad7b5e295a476c43f1fc3b7bb945030e9e9ffdc6","0x625ba0e00de540d8a65d4c7f93996ea8040e0f3e","200","0x530e9346870e632a63e8d461bb3c3622e00782de","Wrapped Zero","wZER"
"0xc0639ac9e640d38ec649c6a5cb0a54bd4d27623497d8adebb3b4d4ac8a36beab","1620044257","2021-05-03 12:17:37","0xf382ece6ae00ef5e75d75870e961bcf92ab152b8","0xad7b5e295a476c43f1fc3b7bb945030e9e9ffdc6","299.217143087435928809","0xad7b5e295a476c43f1fc3b7bb945030e9e9ffdc6","Pancake LPs","Cake-LP"
"0xc0639ac9e640d38ec649c6a5cb0a54bd4d27623497d8adebb3b4d4ac8a36beab","1620044257","2021-05-03 12:17:37","0xad7b5e295a476c43f1fc3b7bb945030e9e9ffdc6","0x0000000000000000000000000000000000000000","299.217143087435928809","0xad7b5e295a476c43f1fc3b7bb945030e9e9ffdc6","Pancake LPs","Cake-LP"
"0xc0639ac9e640d38ec649c6a5cb0a54bd4d27623497d8adebb3b4d4ac8a36beab","1620044257","2021-05-03 12:17:37","0xad7b5e295a476c43f1fc3b7bb945030e9e9ffdc6","0xf382ece6ae00ef5e75d75870e961bcf92ab152b8","479.646413551580499314","0x530e9346870e632a63e8d461bb3c3622e00782de","Wrapped Zero","wZER"
"0xc0639ac9e640d38ec649c6a5cb0a54bd4d27623497d8adebb3b4d4ac8a36beab","1620044257","2021-05-03 12:17:37","0xad7b5e295a476c43f1fc3b7bb945030e9e9ffdc6","0xf382ece6ae00ef5e75d75870e961bcf92ab152b8","187.178053888113372066","0x55d398326f99059ff775485246999027b3197955","Binance-Peg BUSD-T","BUSD-T"
"0x7cda9c329afbb36f058948aaa28bea53ee604b965725bb931ed03fec23f36fb0","1620044311","2021-05-03 12:18:31","0xf382ece6ae00ef5e75d75870e961bcf92ab152b8","0xad7b5e295a476c43f1fc3b7bb945030e9e9ffdc6","479.646413551580499314","0x530e9346870e632a63e8d461bb3c3622e00782de","Wrapped Zero","wZER"
"0x7cda9c329afbb36f058948aaa28bea53ee604b965725bb931ed03fec23f36fb0","1620044311","2021-05-03 12:18:31","0xf382ece6ae00ef5e75d75870e961bcf92ab152b8","0xad7b5e295a476c43f1fc3b7bb945030e9e9ffdc6","187.178053888113372066","0x55d398326f99059ff775485246999027b3197955","Binance-Peg BUSD-T","BUSD-T"
"0xa30e064ccef34c98ce861eb566823687f1a736f167ef277d16099a28541e0167","1620055138","2021-05-03 15:18:58","0x625ba0e00de540d8a65d4c7f93996ea8040e0f3e","0xad7b5e295a476c43f1fc3b7bb945030e9e9ffdc6","78.966669953096210205","0x55d398326f99059ff775485246999027b3197955","Binance-Peg BUSD-T","BUSD-T"
"0xa30e064ccef34c98ce861eb566823687f1a736f167ef277d16099a28541e0167","1620055138","2021-05-03 15:18:58","0xad7b5e295a476c43f1fc3b7bb945030e9e9ffdc6","0x625ba0e00de540d8a65d4c7f93996ea8040e0f3e","200","0x530e9346870e632a63e8d461bb3c3622e00782de","Wrapped Zero","wZER"
"0x80349d8901b5f1b15bc504f256aaa4d865bc20803edd35393628d0d0de12eb7a","1620091653","2021-05-04 01:27:33","0x625ba0e00de540d8a65d4c7f93996ea8040e0f3e","0xad7b5e295a476c43f1fc3b7bb945030e9e9ffdc6","80.440887337937413228","0x55d398326f99059ff775485246999027b3197955","Binance-Peg BUSD-T","BUSD-T"
"0x80349d8901b5f1b15bc504f256aaa4d865bc20803edd35393628d0d0de12eb7a","1620091653","2021-05-04 01:27:33","0xad7b5e295a476c43f1fc3b7bb945030e9e9ffdc6","0x625ba0e00de540d8a65d4c7f93996ea8040e0f3e","200","0x530e9346870e632a63e8d461bb3c3622e00782de","Wrapped Zero","wZER"
"0xa9718c7fd21f90a7f0713859b260f02db6711fc929ab7484b6a7352424b655f1","1620138421","2021-05-04 14:27:01","0x625ba0e00de540d8a65d4c7f93996ea8040e0f3e","0xad7b5e295a476c43f1fc3b7bb945030e9e9ffdc6","200","0x530e9346870e632a63e8d461bb3c3622e00782de","Wrapped Zero","wZER"
"0xa9718c7fd21f90a7f0713859b260f02db6711fc929ab7484b6a7352424b655f1","1620138421","2021-05-04 14:27:01","0xad7b5e295a476c43f1fc3b7bb945030e9e9ffdc6","0x625ba0e00de540d8a65d4c7f93996ea8040e0f3e","80.042886837952154936","0x55d398326f99059ff775485246999027b3197955","Binance-Peg BUSD-T","BUSD-T"
"0x890ce68ec31cdea47f76dea3ce7f3577fd18547cdb20c0e1a65cf7a6c1e61918","1620140092","2021-05-04 14:54:52","0x625ba0e00de540d8a65d4c7f93996ea8040e0f3e","0xad7b5e295a476c43f1fc3b7bb945030e9e9ffdc6","200","0x530e9346870e632a63e8d461bb3c3622e00782de","Wrapped Zero","wZER"
"0x890ce68ec31cdea47f76dea3ce7f3577fd18547cdb20c0e1a65cf7a6c1e61918","1620140092","2021-05-04 14:54:52","0xad7b5e295a476c43f1fc3b7bb945030e9e9ffdc6","0x625ba0e00de540d8a65d4c7f93996ea8040e0f3e","78.579563759262001934","0x55d398326f99059ff775485246999027b3197955","Binance-Peg BUSD-T","BUSD-T"
"0xf1d4efe7496b52cf72a3f88bed1c7bbcc0a2e0a8b35c6c016af04c99ce1cf937","1620140221","2021-05-04 14:57:01","0x625ba0e00de540d8a65d4c7f93996ea8040e0f3e","0xad7b5e295a476c43f1fc3b7bb945030e9e9ffdc6","200","0x530e9346870e632a63e8d461bb3c3622e00782de","Wrapped Zero","wZER"
"0xf1d4efe7496b52cf72a3f88bed1c7bbcc0a2e0a8b35c6c016af04c99ce1cf937","1620140221","2021-05-04 14:57:01","0xad7b5e295a476c43f1fc3b7bb945030e9e9ffdc6","0x625ba0e00de540d8a65d4c7f93996ea8040e0f3e","77.156021468974669094","0x55d398326f99059ff775485246999027b3197955","Binance-Peg BUSD-T","BUSD-T"
"0xab54e07d801602081377d67f77708de75ede6b30bf196a4463d1c78be354e266","1620149403","2021-05-04 17:30:03","0x625ba0e00de540d8a65d4c7f93996ea8040e0f3e","0xad7b5e295a476c43f1fc3b7bb945030e9e9ffdc6","200","0x530e9346870e632a63e8d461bb3c3622e00782de","Wrapped Zero","wZER"
"0xab54e07d801602081377d67f77708de75ede6b30bf196a4463d1c78be354e266","1620149403","2021-05-04 17:30:03","0xad7b5e295a476c43f1fc3b7bb945030e9e9ffdc6","0x625ba0e00de540d8a65d4c7f93996ea8040e0f3e","75.770830695256044467","0x55d398326f99059ff775485246999027b3197955","Binance-Peg BUSD-T","BUSD-T"
"0xee808fda62960b9eb3332a7c008560c557e33309c6b82e179fa44fdfd5995c21","1620166351","2021-05-04 22:12:31","0x625ba0e00de540d8a65d4c7f93996ea8040e0f3e","0xad7b5e295a476c43f1fc3b7bb945030e9e9ffdc6","200","0x530e9346870e632a63e8d461bb3c3622e00782de","Wrapped Zero","wZER"
"0xee808fda62960b9eb3332a7c008560c557e33309c6b82e179fa44fdfd5995c21","1620166351","2021-05-04 22:12:31","0xad7b5e295a476c43f1fc3b7bb945030e9e9ffdc6","0x625ba0e00de540d8a65d4c7f93996ea8040e0f3e","74.422625792284129984","0x55d398326f99059ff775485246999027b3197955","Binance-Peg BUSD-T","BUSD-T"
"0xf7fca6deeb7cba5f32d4bf91b1df271a54c022c8438f0456d2ce884d93d1386b","1620166465","2021-05-04 22:14:25","0x625ba0e00de540d8a65d4c7f93996ea8040e0f3e","0xad7b5e295a476c43f1fc3b7bb945030e9e9ffdc6","150.948945147706920007","0x55d398326f99059ff775485246999027b3197955","Binance-Peg BUSD-T","BUSD-T"
"0xf7fca6deeb7cba5f32d4bf91b1df271a54c022c8438f0456d2ce884d93d1386b","1620166465","2021-05-04 22:14:25","0xad7b5e295a476c43f1fc3b7bb945030e9e9ffdc6","0x625ba0e00de540d8a65d4c7f93996ea8040e0f3e","400","0x530e9346870e632a63e8d461bb3c3622e00782de","Wrapped Zero","wZER"
"0x0e4be59cbe317baad73d2d966144c0ed1b8cc93904caf4a865e13bc102edfb8c","1620176046","2021-05-05 00:54:06","0x625ba0e00de540d8a65d4c7f93996ea8040e0f3e","0xad7b5e295a476c43f1fc3b7bb945030e9e9ffdc6","77.550184725897399904","0x55d398326f99059ff775485246999027b3197955","Binance-Peg BUSD-T","BUSD-T"
"0x0e4be59cbe317baad73d2d966144c0ed1b8cc93904caf4a865e13bc102edfb8c","1620176046","2021-05-05 00:54:06","0xad7b5e295a476c43f1fc3b7bb945030e9e9ffdc6","0x625ba0e00de540d8a65d4c7f93996ea8040e0f3e","200","0x530e9346870e632a63e8d461bb3c3622e00782de","Wrapped Zero","wZER"
"0x8dc01615adab9811ccb716123bc355c228a3e2183e79ec6a69a28ffb39d02456","1620178788","2021-05-05 01:39:48","0x625ba0e00de540d8a65d4c7f93996ea8040e0f3e","0xad7b5e295a476c43f1fc3b7bb945030e9e9ffdc6","78.984585399918833877","0x55d398326f99059ff775485246999027b3197955","Binance-Peg BUSD-T","BUSD-T"
"0x8dc01615adab9811ccb716123bc355c228a3e2183e79ec6a69a28ffb39d02456","1620178788","2021-05-05 01:39:48","0xad7b5e295a476c43f1fc3b7bb945030e9e9ffdc6","0x625ba0e00de540d8a65d4c7f93996ea8040e0f3e","200","0x530e9346870e632a63e8d461bb3c3622e00782de","Wrapped Zero","wZER"
"0x13c447f90a970f98feb18f03c515439fc0ad468d7ee52d2efde7bfa73a4651c4","1620238214","2021-05-05 18:10:14","0x625ba0e00de540d8a65d4c7f93996ea8040e0f3e","0xad7b5e295a476c43f1fc3b7bb945030e9e9ffdc6","200","0x530e9346870e632a63e8d461bb3c3622e00782de","Wrapped Zero","wZER"
"0x13c447f90a970f98feb18f03c515439fc0ad468d7ee52d2efde7bfa73a4651c4","1620238214","2021-05-05 18:10:14","0xad7b5e295a476c43f1fc3b7bb945030e9e9ffdc6","0x625ba0e00de540d8a65d4c7f93996ea8040e0f3e","78.593757040454108869","0x55d398326f99059ff775485246999027b3197955","Binance-Peg BUSD-T","BUSD-T"
